topology,algorithm,seed,max_fes,n_eval,runtime_s,flow_norm,conc_norm,combined_error,flow_max_abs_error,conc_max_abs_error,success,message,length_file,planned_starts,attempted_starts,normal_exit_count,budget_exhausted_count,best_restart_index
a,NSGA-II,1,320000,319800,911.0666323000041,0.0106871004255769,0.007876409489002858,0.013275991185023444,0.010812012940917687,0.006960791646345665,False,completed 533 generations,electric_circuit_analogy\benchmark\results_legacy_systems_1_4_v1\optimized_lengths\a_nsgaii_seed1.csv,1,1,0,0,
a,SLSQP,1,320000,16487,47.81066920000012,0.010556769605852662,0.008041178593850415,0.013270491237676648,0.010556890004605524,0.006757403336652978,False,best of 20 independent restarts,electric_circuit_analogy\benchmark\results_legacy_systems_1_4_v1\optimized_lengths\a_slsqp_seed1.csv,20,20,20,0,14.0
a,PSO,1,320000,30800,69.5732546000072,0.010556307639563776,0.008041785842484803,0.013270491721014016,0.010556758059034943,0.006760358327316918,False,converged or stopped after relative stagnation,electric_circuit_analogy\benchmark\results_legacy_systems_1_4_v1\optimized_lengths\a_pso_seed1.csv,1,1,0,0,
a,NSGA-II,2,320000,319800,696.9106368000066,0.01029780365573311,0.008383806666233513,0.01327904267441037,0.01056258659467571,0.0071331550987608905,False,completed 533 generations,electric_circuit_analogy\benchmark\results_legacy_systems_1_4_v1\optimized_lengths\a_nsgaii_seed2.csv,1,1,0,0,
a,SLSQP,2,320000,16748,47.68311499999254,0.010556750864422332,0.008041203196270197,0.013270491236468517,0.010556877474228704,0.006757402578980831,False,best of 20 independent restarts,electric_circuit_analogy\benchmark\results_legacy_systems_1_4_v1\optimized_lengths\a_slsqp_seed2.csv,20,20,20,0,12.0
a,PSO,2,320000,23200,48.89471749999211,0.010556427568659139,0.008041629348831049,0.013270492289147662,0.010557414014373157,0.0067553576468384335,False,converged or stopped after relative stagnation,electric_circuit_analogy\benchmark\results_legacy_systems_1_4_v1\optimized_lengths\a_pso_seed2.csv,1,1,0,0,
a,NSGA-II,3,320000,319800,681.2316752000042,0.010744973897667483,0.007800807648384403,0.01327806702907649,0.0109310856016398,0.0067923668419909156,False,completed 533 generations,electric_circuit_analogy\benchmark\results_legacy_systems_1_4_v1\optimized_lengths\a_nsgaii_seed3.csv,1,1,0,0,
a,SLSQP,3,320000,15300,44.1153975000052,0.010556650819423677,0.008041334536961512,0.013270491236520547,0.010556744404231821,0.0067576538462543745,False,best of 20 independent restarts,electric_circuit_analogy\benchmark\results_legacy_systems_1_4_v1\optimized_lengths\a_slsqp_seed3.csv,20,20,20,0,3.0
a,PSO,3,320000,30250,66.74978389999887,0.01055680013436017,0.008041138514727769,0.013270491237699727,0.010556836483721355,0.006757456556111818,False,converged or stopped after relative stagnation,electric_circuit_analogy\benchmark\results_legacy_systems_1_4_v1\optimized_lengths\a_pso_seed3.csv,1,1,0,0,
a,NSGA-II,4,320000,319800,689.600451899998,0.010591984573403736,0.00799707500567776,0.013271900611806083,0.01076789692890237,0.0067105125801356635,False,completed 533 generations,electric_circuit_analogy\benchmark\results_legacy_systems_1_4_v1\optimized_lengths\a_nsgaii_seed4.csv,1,1,0,0,
a,SLSQP,4,320000,16879,49.23723700000846,0.010556674485073324,0.008041303472703277,0.013270491238982373,0.01055678673557453,0.00675758083697775,False,best of 20 independent restarts,electric_circuit_analogy\benchmark\results_legacy_systems_1_4_v1\optimized_lengths\a_slsqp_seed4.csv,20,20,20,0,5.0
a,PSO,4,320000,32200,70.76583590000519,0.01055690604979796,0.008040999818004472,0.013270491453499705,0.01055806490454586,0.00675847489368242,False,converged or stopped after relative stagnation,electric_circuit_analogy\benchmark\results_legacy_systems_1_4_v1\optimized_lengths\a_pso_seed4.csv,1,1,0,0,
a,NSGA-II,5,320000,319800,693.8939480999979,0.010654781709046423,0.007917834148098163,0.013274655206980691,0.011005785975137017,0.0066895315867062655,False,completed 533 generations,electric_circuit_analogy\benchmark\results_legacy_systems_1_4_v1\optimized_lengths\a_nsgaii_seed5.csv,1,1,0,0,
a,SLSQP,5,320000,17129,49.3345188999956,0.010556711696629098,0.00804125461724834,0.01327049123676902,0.010556796585943301,0.006757411327509288,False,best of 20 independent restarts,electric_circuit_analogy\benchmark\results_legacy_systems_1_4_v1\optimized_lengths\a_slsqp_seed5.csv,20,20,20,0,12.0
a,PSO,5,320000,28300,61.77609230000235,0.010556852596031278,0.008041070569862656,0.01327049180112944,0.010557922778553608,0.006757613546744423,False,converged or stopped after relative stagnation,electric_circuit_analogy\benchmark\results_legacy_systems_1_4_v1\optimized_lengths\a_pso_seed5.csv,1,1,0,0,
a,NSGA-II,6,320000,319800,689.6751880999946,0.010670595190890975,0.007907416924173613,0.01328114619076881,0.01094721151685396,0.007073654286622655,False,completed 533 generations,electric_circuit_analogy\benchmark\results_legacy_systems_1_4_v1\optimized_lengths\a_nsgaii_seed6.csv,1,1,0,0,
a,SLSQP,6,320000,15793,45.634007000000565,0.010556802282568497,0.008041135693526373,0.013270491237137656,0.010556820741107142,0.006757321677863581,False,best of 20 independent restarts,electric_circuit_analogy\benchmark\results_legacy_systems_1_4_v1\optimized_lengths\a_slsqp_seed6.csv,20,20,20,0,2.0
a,PSO,6,320000,24250,53.86053350000293,0.010557404604386558,0.008040347767241844,0.013270492990048012,0.010560618690652529,0.006761702382885315,False,converged or stopped after relative stagnation,electric_circuit_analogy\benchmark\results_legacy_systems_1_4_v1\optimized_lengths\a_pso_seed6.csv,1,1,0,0,
a,NSGA-II,7,320000,319800,747.8492701000068,0.010341347242292995,0.008327705084794466,0.013277580154719179,0.010416986502181924,0.007134106416333497,False,completed 533 generations,electric_circuit_analogy\benchmark\results_legacy_systems_1_4_v1\optimized_lengths\a_nsgaii_seed7.csv,1,1,0,0,
a,SLSQP,7,320000,16520,47.892620899991016,0.01055682426919818,0.008041106830507653,0.01327049123847224,0.010556954636156413,0.00675727208733834,False,best of 20 independent restarts,electric_circuit_analogy\benchmark\results_legacy_systems_1_4_v1\optimized_lengths\a_slsqp_seed7.csv,20,20,20,0,17.0
a,PSO,7,320000,27850,62.047137600005954,0.010556575882842145,0.008041433032856897,0.013270491309372329,0.010557691316619877,0.006756713159771555,False,converged or stopped after relative stagnation,electric_circuit_analogy\benchmark\results_legacy_systems_1_4_v1\optimized_lengths\a_pso_seed7.csv,1,1,0,0,
a,NSGA-II,8,320000,319800,756.5017375000025,0.01054375937137324,0.00806231680560178,0.013272973063911111,0.010628619508454895,0.006971539362008561,False,completed 533 generations,electric_circuit_analogy\benchmark\results_legacy_systems_1_4_v1\optimized_lengths\a_nsgaii_seed8.csv,1,1,0,0,
a,SLSQP,8,320000,15950,45.274832099996274,0.010556674561660572,0.008041303368563835,0.013270491236803841,0.010556883190976585,0.00675757917031139,False,best of 20 independent restarts,electric_circuit_analogy\benchmark\results_legacy_systems_1_4_v1\optimized_lengths\a_slsqp_seed8.csv,20,20,20,0,13.0
a,PSO,8,320000,46200,102.55242799999542,0.01055679786195051,0.00804114149629769,0.013270491236633387,0.010557180519205733,0.00675730281786413,False,converged or stopped after relative stagnation,electric_circuit_analogy\benchmark\results_legacy_systems_1_4_v1\optimized_lengths\a_pso_seed8.csv,1,1,0,0,
a,NSGA-II,9,320000,319800,745.1491272999992,0.010545443751772146,0.008060658274351352,0.013273303874230378,0.010726862972798457,0.007004207521135286,False,completed 533 generations,electric_circuit_analogy\benchmark\results_legacy_systems_1_4_v1\optimized_lengths\a_nsgaii_seed9.csv,1,1,0,0,
a,SLSQP,9,320000,15634,45.11952299998666,0.010556777348340176,0.008041168427158973,0.013270491236437577,0.01055681628589425,0.0067573507092555385,False,best of 20 independent restarts,electric_circuit_analogy\benchmark\results_legacy_systems_1_4_v1\optimized_lengths\a_slsqp_seed9.csv,20,20,20,0,13.0
a,PSO,9,320000,27600,59.78591409999353,0.010556913727906778,0.00804098945967655,0.013270491285144494,0.01055772258697199,0.006757739926726347,False,converged or stopped after relative stagnation,electric_circuit_analogy\benchmark\results_legacy_systems_1_4_v1\optimized_lengths\a_pso_seed9.csv,1,1,0,0,
a,NSGA-II,10,320000,319800,691.7816414999979,0.010540246929876387,0.008067185431833058,0.013273141532220176,0.01061439583620949,0.00696598430563633,False,completed 533 generations,electric_circuit_analogy\benchmark\results_legacy_systems_1_4_v1\optimized_lengths\a_nsgaii_seed10.csv,1,1,0,0,
a,SLSQP,10,320000,17555,50.66837939999823,0.010556738717116782,0.008041219145029862,0.013270491237323028,0.01055678963672127,0.006757402551423097,False,best of 20 independent restarts,electric_circuit_analogy\benchmark\results_legacy_systems_1_4_v1\optimized_lengths\a_slsqp_seed10.csv,20,20,20,0,18.0
a,PSO,10,320000,27650,60.74057189999439,0.010556860449274124,0.008041059343309162,0.013270491245921074,0.010557077224840339,0.006757626779623216,False,converged or stopped after relative stagnation,electric_circuit_analogy\benchmark\results_legacy_systems_1_4_v1\optimized_lengths\a_pso_seed10.csv,1,1,0,0,
a,NSGA-II,11,320000,319800,685.0170916999923,0.010496623939229406,0.008128435052436543,0.013275939534484289,0.010912856731006948,0.00670894193803484,False,completed 533 generations,electric_circuit_analogy\benchmark\results_legacy_systems_1_4_v1\optimized_lengths\a_nsgaii_seed11.csv,1,1,0,0,
a,SLSQP,11,320000,15425,44.336406300004455,0.010556788097003358,0.008041154316831715,0.013270491237031624,0.01055682500331806,0.006757356047887408,False,best of 20 independent restarts,electric_circuit_analogy\benchmark\results_legacy_systems_1_4_v1\optimized_lengths\a_slsqp_seed11.csv,20,20,20,0,19.0
a,PSO,11,320000,23550,51.46696960000554,0.010553336679578092,0.00804570036698584,0.013270501477632427,0.010557958909885479,0.006763770208572328,False,converged or stopped after relative stagnation,electric_circuit_analogy\benchmark\results_legacy_systems_1_4_v1\optimized_lengths\a_pso_seed11.csv,1,1,0,0,
a,NSGA-II,12,320000,319800,831.8632698000001,0.010454307687413277,0.008178053418509459,0.013273021771213313,0.010565702585908027,0.006762232588296002,False,completed 533 generations,electric_circuit_analogy\benchmark\results_legacy_systems_1_4_v1\optimized_lengths\a_nsgaii_seed12.csv,1,1,0,0,
a,SLSQP,12,320000,15171,50.868475700001,0.010556745241507438,0.008041210577670281,0.01327049123614218,0.01055682088688828,0.006757404458888394,False,best of 20 independent restarts,electric_circuit_analogy\benchmark\results_legacy_systems_1_4_v1\optimized_lengths\a_slsqp_seed12.csv,20,20,20,0,18.0
a,PSO,12,320000,28050,59.21119689999614,0.010556818394133093,0.008041114546159338,0.013270491240009246,0.01055702875128417,0.006757189775120742,False,converged or stopped after relative stagnation,electric_circuit_analogy\benchmark\results_legacy_systems_1_4_v1\optimized_lengths\a_pso_seed12.csv,1,1,0,0,
a,NSGA-II,13,320000,319800,748.2773084999935,0.010652880674674655,0.007924712730403623,0.013277233843247546,0.011022775075471364,0.006740043456587186,False,completed 533 generations,electric_circuit_analogy\benchmark\results_legacy_systems_1_4_v1\optimized_lengths\a_nsgaii_seed13.csv,1,1,0,0,
a,SLSQP,13,320000,15912,48.446490699992864,0.010556755644935982,0.008041196918938922,0.013270491235671743,0.010556804793364516,0.006757440993451547,False,best of 20 independent restarts,electric_circuit_analogy\benchmark\results_legacy_systems_1_4_v1\optimized_lengths\a_slsqp_seed13.csv,20,20,20,0,16.0
a,PSO,13,320000,23350,57.76377639999555,0.010556809760850314,0.008041125871875254,0.013270491234846056,0.010557006576654981,0.006757216562729207,False,converged or stopped after relative stagnation,electric_circuit_analogy\benchmark\results_legacy_systems_1_4_v1\optimized_lengths\a_pso_seed13.csv,1,1,0,0,
a,NSGA-II,14,320000,319800,656.2798919999914,0.010517047291301894,0.008098609677246783,0.013273875185185212,0.010728886097972234,0.006746500742962902,False,completed 533 generations,electric_circuit_analogy\benchmark\results_legacy_systems_1_4_v1\optimized_lengths\a_nsgaii_seed14.csv,1,1,0,0,
a,SLSQP,14,320000,16241,41.34317480000027,0.010556743484780983,0.008041212886753578,0.013270491237838845,0.01055676440751413,0.006757482850373253,False,best of 20 independent restarts,electric_circuit_analogy\benchmark\results_legacy_systems_1_4_v1\optimized_lengths\a_slsqp_seed14.csv,20,20,20,0,2.0
a,PSO,14,320000,30700,62.13652379999985,0.010556745402357879,0.008041210363715722,0.013270491234454486,0.010556904222910668,0.00675743955786845,False,converged or stopped after relative stagnation,electric_circuit_analogy\benchmark\results_legacy_systems_1_4_v1\optimized_lengths\a_pso_seed14.csv,1,1,0,0,
a,NSGA-II,15,320000,319800,644.7901252000011,0.01043345779052075,0.008206982091728661,0.013274471609843198,0.010493541140354723,0.007039601397972106,False,completed 533 generations,electric_circuit_analogy\benchmark\results_legacy_systems_1_4_v1\optimized_lengths\a_nsgaii_seed15.csv,1,1,0,0,
a,SLSQP,15,320000,17210,43.8115007999877,0.010556773380028197,0.008041173637930398,0.013270491237049922,0.010556855252274844,0.00675728584740265,False,best of 20 independent restarts,electric_circuit_analogy\benchmark\results_legacy_systems_1_4_v1\optimized_lengths\a_slsqp_seed15.csv,20,20,20,0,18.0
a,PSO,15,320000,24950,50.590211100003216,0.01055702166789391,0.008040848524436534,0.013270491757629583,0.010559390939848673,0.006760131015216664,False,converged or stopped after relative stagnation,electric_circuit_analogy\benchmark\results_legacy_systems_1_4_v1\optimized_lengths\a_pso_seed15.csv,1,1,0,0,
a,NSGA-II,16,320000,319800,641.3349282999989,0.010708540633919452,0.007846452627505173,0.01327552866532956,0.010998187288833977,0.006582627402804575,False,completed 533 generations,electric_circuit_analogy\benchmark\results_legacy_systems_1_4_v1\optimized_lengths\a_nsgaii_seed16.csv,1,1,0,0,
a,SLSQP,16,320000,15241,38.45664679999754,0.01055675999639981,0.008041191210231547,0.01327049123812274,0.010556842953697437,0.006757542999615507,False,best of 20 independent restarts,electric_circuit_analogy\benchmark\results_legacy_systems_1_4_v1\optimized_lengths\a_slsqp_seed16.csv,20,20,20,0,12.0
a,PSO,16,320000,29950,61.42759729998943,0.01055691670961067,0.00804098869944396,0.013270493196495842,0.010563849592179542,0.006761020642734317,False,converged or stopped after relative stagnation,electric_circuit_analogy\benchmark\results_legacy_systems_1_4_v1\optimized_lengths\a_pso_seed16.csv,1,1,0,0,
a,NSGA-II,17,320000,319800,644.806264800005,0.010554910742740998,0.00805056734729053,0.013274704343242067,0.010643853974001305,0.0068920427304505205,False,completed 533 generations,electric_circuit_analogy\benchmark\results_legacy_systems_1_4_v1\optimized_lengths\a_nsgaii_seed17.csv,1,1,0,0,
a,SLSQP,17,320000,15757,40.07222580000234,0.010556788554891493,0.008041153716071487,0.013270491237259392,0.010556887907781254,0.006757254075359431,False,best of 20 independent restarts,electric_circuit_analogy\benchmark\results_legacy_systems_1_4_v1\optimized_lengths\a_slsqp_seed17.csv,20,20,20,0,11.0
a,PSO,17,320000,24050,48.761436600005254,0.010556722715009629,0.008041240152649107,0.013270491237108613,0.010556778445622306,0.006757471701095863,False,converged or stopped after relative stagnation,electric_circuit_analogy\benchmark\results_legacy_systems_1_4_v1\optimized_lengths\a_pso_seed17.csv,1,1,0,0,
a,NSGA-II,18,320000,319800,645.7139915000007,0.010404375447489674,0.008246420134496673,0.013276086527548624,0.010507867308147123,0.006924094393155222,False,completed 533 generations,electric_circuit_analogy\benchmark\results_legacy_systems_1_4_v1\optimized_lengths\a_nsgaii_seed18.csv,1,1,0,0,
a,SLSQP,18,320000,15566,39.69871620000049,0.010556927285390406,0.008040971588178068,0.013270491241506751,0.010556951224767075,0.006757334389107528,False,best of 20 independent restarts,electric_circuit_analogy\benchmark\results_legacy_systems_1_4_v1\optimized_lengths\a_slsqp_seed18.csv,20,20,20,0,18.0
a,PSO,18,320000,25950,52.3328152000031,0.01055653389426878,0.008041488048026055,0.013270491245142037,0.010556624196170927,0.0067575805219997065,False,converged or stopped after relative stagnation,electric_circuit_analogy\benchmark\results_legacy_systems_1_4_v1\optimized_lengths\a_pso_seed18.csv,1,1,0,0,
a,NSGA-II,19,320000,319800,640.4663336999947,0.0105140493986285,0.008115303385944914,0.01328169355928412,0.01118408643457916,0.0068757762061372185,False,completed 533 generations,electric_circuit_analogy\benchmark\results_legacy_systems_1_4_v1\optimized_lengths\a_nsgaii_seed19.csv,1,1,0,0,
a,SLSQP,19,320000,17136,44.0281541999866,0.010556746173261954,0.008041209358060767,0.013270491238339482,0.01055680925744018,0.00675767779704739,False,best of 20 independent restarts,electric_circuit_analogy\benchmark\results_legacy_systems_1_4_v1\optimized_lengths\a_slsqp_seed19.csv,20,20,20,0,8.0
a,PSO,19,320000,28400,57.37340270000277,0.010556707167618438,0.008041260561289261,0.013270491235722685,0.010556802724599579,0.006757512277400957,False,converged or stopped after relative stagnation,electric_circuit_analogy\benchmark\results_legacy_systems_1_4_v1\optimized_lengths\a_pso_seed19.csv,1,1,0,0,
a,NSGA-II,20,320000,319800,643.4832912999991,0.0104915575476333,0.008144295862230876,0.013281654071193551,0.010830860205608556,0.007189914285592125,False,completed 533 generations,electric_circuit_analogy\benchmark\results_legacy_systems_1_4_v1\optimized_lengths\a_nsgaii_seed20.csv,1,1,0,0,
a,SLSQP,20,320000,15651,39.807081399994786,0.010556789979722625,0.008041151845884054,0.013270491237498955,0.010556885874314387,0.006757408586576585,False,best of 20 independent restarts,electric_circuit_analogy\benchmark\results_legacy_systems_1_4_v1\optimized_lengths\a_slsqp_seed20.csv,20,20,20,0,6.0
a,PSO,20,320000,31800,64.79107180000574,0.010556644629742666,0.008041342672535498,0.01327049124244521,0.010557112913494787,0.0067577665291647104,False,converged or stopped after relative stagnation,electric_circuit_analogy\benchmark\results_legacy_systems_1_4_v1\optimized_lengths\a_pso_seed20.csv,1,1,0,0,
a,NSGA-II,21,320000,319800,641.7506713000039,0.010585701465400119,0.00801297934487001,0.013276479710220161,0.010754416412397105,0.006811454374060832,False,completed 533 generations,electric_circuit_analogy\benchmark\results_legacy_systems_1_4_v1\optimized_lengths\a_nsgaii_seed21.csv,1,1,0,0,
a,SLSQP,21,320000,16102,40.95134600000165,0.010556718942044303,0.008041245107627003,0.013270491238166439,0.010556810869694677,0.00675745975943598,False,best of 20 independent restarts,electric_circuit_analogy\benchmark\results_legacy_systems_1_4_v1\optimized_lengths\a_slsqp_seed21.csv,20,20,20,0,17.0
a,PSO,21,320000,29000,60.079312000001664,0.01055714352870119,0.008040687736121287,0.013270491277846826,0.010558195202952037,0.006757081545855748,False,converged or stopped after relative stagnation,electric_circuit_analogy\benchmark\results_legacy_systems_1_4_v1\optimized_lengths\a_pso_seed21.csv,1,1,0,0,
a,NSGA-II,22,320000,319800,641.9988873999973,0.010660679341307844,0.007911821640070742,0.013275805274350762,0.011016261982290082,0.0067378114879841355,False,completed 533 generations,electric_circuit_analogy\benchmark\results_legacy_systems_1_4_v1\optimized_lengths\a_nsgaii_seed22.csv,1,1,0,0,
a,SLSQP,22,320000,17823,45.41687939999974,0.010556816460973189,0.008041117079728538,0.01327049123734975,0.010556904535187567,0.006757438900511947,False,best of 20 independent restarts,electric_circuit_analogy\benchmark\results_legacy_systems_1_4_v1\optimized_lengths\a_slsqp_seed22.csv,20,20,20,0,16.0
a,PSO,22,320000,27100,55.03673430001072,0.010556196966264326,0.008041930948070519,0.013270491617272609,0.010557148273633521,0.006757864118207557,False,converged or stopped after relative stagnation,electric_circuit_analogy\benchmark\results_legacy_systems_1_4_v1\optimized_lengths\a_pso_seed22.csv,1,1,0,0,
a,NSGA-II,23,320000,319800,643.941664900005,0.010494749011715598,0.008126890758751878,0.013273511601064438,0.010553546865466473,0.006954223012614946,False,completed 533 generations,electric_circuit_analogy\benchmark\results_legacy_systems_1_4_v1\optimized_lengths\a_nsgaii_seed23.csv,1,1,0,0,
a,SLSQP,23,320000,14809,37.90740280000318,0.010556779884890241,0.008041165098862185,0.013270491237523293,0.010556920275027165,0.0067574633853708654,False,best of 20 independent restarts,electric_circuit_analogy\benchmark\results_legacy_systems_1_4_v1\optimized_lengths\a_slsqp_seed23.csv,20,20,20,0,12.0
a,PSO,23,320000,34900,70.46056710000266,0.010557125566830748,0.008040719809237566,0.013270496421931503,0.010572364790694955,0.006757062075310238,False,converged or stopped after relative stagnation,electric_circuit_analogy\benchmark\results_legacy_systems_1_4_v1\optimized_lengths\a_pso_seed23.csv,1,1,0,0,
a,NSGA-II,24,320000,319800,641.1543932000059,0.010551289785954461,0.008057573337275708,0.013276076386973801,0.010915529757086484,0.00676222885602662,False,completed 533 generations,electric_circuit_analogy\benchmark\results_legacy_systems_1_4_v1\optimized_lengths\a_nsgaii_seed24.csv,1,1,0,0,
a,SLSQP,24,320000,16244,41.48432430000685,0.010556772577848147,0.008041174691284085,0.013270491237183133,0.010556872278719265,0.00675746061769078,False,best of 20 independent restarts,electric_circuit_analogy\benchmark\results_legacy_systems_1_4_v1\optimized_lengths\a_slsqp_seed24.csv,20,20,20,0,19.0
a,PSO,24,320000,31500,63.85345570000936,0.010556676369863818,0.008041301034210843,0.013270491260719835,0.010557017182692169,0.006758256649548877,False,converged or stopped after relative stagnation,electric_circuit_analogy\benchmark\results_legacy_systems_1_4_v1\optimized_lengths\a_pso_seed24.csv,1,1,0,0,
a,NSGA-II,25,320000,319800,639.6577199999883,0.010374484439740088,0.008284858409069193,0.013276626312762356,0.010417902737847262,0.007184775898194107,False,completed 533 generations,electric_circuit_analogy\benchmark\results_legacy_systems_1_4_v1\optimized_lengths\a_nsgaii_seed25.csv,1,1,0,0,
a,SLSQP,25,320000,17633,44.89496879999933,0.010556727157780128,0.008041234318231064,0.013270491235990833,0.010556736821815349,0.006757479304517422,False,best of 20 independent restarts,electric_circuit_analogy\benchmark\results_legacy_systems_1_4_v1\optimized_lengths\a_slsqp_seed25.csv,20,20,20,0,2.0
a,PSO,25,320000,27900,56.68342470000789,0.010556835931401618,0.008041091532017956,0.01327049124594953,0.010557375676855857,0.006757380212326414,False,converged or stopped after relative stagnation,electric_circuit_analogy\benchmark\results_legacy_systems_1_4_v1\optimized_lengths\a_pso_seed25.csv,1,1,0,0,
a,NSGA-II,26,320000,319800,642.0145020000055,0.01062723364366895,0.007955427748619577,0.013275048985997587,0.010904661752708295,0.006985742328579514,False,completed 533 generations,electric_circuit_analogy\benchmark\results_legacy_systems_1_4_v1\optimized_lengths\a_nsgaii_seed26.csv,1,1,0,0,
a,SLSQP,26,320000,15991,40.5562951000029,0.010556731703588269,0.00804122835256634,0.01327049123731531,0.01055693543090358,0.006757534376808594,False,best of 20 independent restarts,electric_circuit_analogy\benchmark\results_legacy_systems_1_4_v1\optimized_lengths\a_slsqp_seed26.csv,20,20,20,0,15.0
a,PSO,26,320000,22650,45.603641199995764,0.010557244925561104,0.008040555066924821,0.013270491558436563,0.010558085529827288,0.006758639276985945,False,converged or stopped after relative stagnation,electric_circuit_analogy\benchmark\results_legacy_systems_1_4_v1\optimized_lengths\a_pso_seed26.csv,1,1,0,0,
a,NSGA-II,27,320000,319800,647.4424370999914,0.010525578587457124,0.008090365115867193,0.013275609677479098,0.010673108803585962,0.006945266915786563,False,completed 533 generations,electric_circuit_analogy\benchmark\results_legacy_systems_1_4_v1\optimized_lengths\a_nsgaii_seed27.csv,1,1,0,0,
a,SLSQP,27,320000,15673,40.466760299997986,0.010556757381649915,0.008041194642867455,0.013270491238062749,0.010556926379978404,0.006757640047032498,False,best of 20 independent restarts,electric_circuit_analogy\benchmark\results_legacy_systems_1_4_v1\optimized_lengths\a_slsqp_seed27.csv,20,20,20,0,11.0
a,PSO,27,320000,27900,56.09669990000839,0.010556712192103135,0.008041254194340677,0.01327049137465906,0.010557811414512175,0.006759173996199075,False,converged or stopped after relative stagnation,electric_circuit_analogy\benchmark\results_legacy_systems_1_4_v1\optimized_lengths\a_pso_seed27.csv,1,1,0,0,
a,NSGA-II,28,320000,319800,657.6526529000112,0.010576929591235672,0.00802493323618937,0.013276708666806454,0.011013890233326717,0.006908613850495016,False,completed 533 generations,electric_circuit_analogy\benchmark\results_legacy_systems_1_4_v1\optimized_lengths\a_nsgaii_seed28.csv,1,1,0,0,
a,SLSQP,28,320000,16053,40.765489600002184,0.010556674016377872,0.00804130408616225,0.013270491237862952,0.010556699216066057,0.006757691984902614,False,best of 20 independent restarts,electric_circuit_analogy\benchmark\results_legacy_systems_1_4_v1\optimized_lengths\a_slsqp_seed28.csv,20,20,20,0,11.0
a,PSO,28,320000,31050,62.84237299999222,0.010554045009816323,0.008044768081986097,0.013270499597308727,0.010560815868468854,0.006770233019769423,False,converged or stopped after relative stagnation,electric_circuit_analogy\benchmark\results_legacy_systems_1_4_v1\optimized_lengths\a_pso_seed28.csv,1,1,0,0,
a,NSGA-II,29,320000,319800,641.2421244000143,0.010675332491994111,0.007892569403449241,0.013276120502725497,0.010729808490053006,0.006496236836661118,False,completed 533 generations,electric_circuit_analogy\benchmark\results_legacy_systems_1_4_v1\optimized_lengths\a_nsgaii_seed29.csv,1,1,0,0,
a,SLSQP,29,320000,17801,45.74092710000696,0.010556755122004905,0.008041197607938373,0.013270491237173198,0.010556777728676303,0.006757337137652586,False,best of 20 independent restarts,electric_circuit_analogy\benchmark\results_legacy_systems_1_4_v1\optimized_lengths\a_slsqp_seed29.csv,20,20,20,0,5.0
a,PSO,29,320000,23750,47.65347570000449,0.010556799915862204,0.008041138872124142,0.013270491280443771,0.01055704141470959,0.006758045502832544,False,converged or stopped after relative stagnation,electric_circuit_analogy\benchmark\results_legacy_systems_1_4_v1\optimized_lengths\a_pso_seed29.csv,1,1,0,0,
a,NSGA-II,30,320000,319800,656.5177932000079,0.010477092995177049,0.00815445822745767,0.013276470412460536,0.010640740110435337,0.007127595746185267,False,completed 533 generations,electric_circuit_analogy\benchmark\results_legacy_systems_1_4_v1\optimized_lengths\a_nsgaii_seed30.csv,1,1,0,0,
a,SLSQP,30,320000,16779,43.08674960001372,0.010556774930606444,0.008041171602164698,0.013270491236986695,0.010556795437888511,0.006757503326901504,False,best of 20 independent restarts,electric_circuit_analogy\benchmark\results_legacy_systems_1_4_v1\optimized_lengths\a_slsqp_seed30.csv,20,20,20,0,8.0
a,PSO,30,320000,24800,50.47210990000167,0.010556682100710243,0.00804129349469008,0.013270491251012565,0.010557283496648334,0.006757557787094082,False,converged or stopped after relative stagnation,electric_circuit_analogy\benchmark\results_legacy_systems_1_4_v1\optimized_lengths\a_pso_seed30.csv,1,1,0,0,
b,NSGA-II,1,170000,169800,154.96298439998645,3.554986226791428e-06,1.9266794699807423e-06,4.043515902370365e-06,5.691876113295136e-06,2.2634228015738778e-06,True,completed 283 generations,electric_circuit_analogy\benchmark\results_legacy_systems_1_4_v1\optimized_lengths\b_nsgaii_seed1.csv,1,1,0,0,
b,SLSQP,1,170000,165656,201.29119920000085,8.768015715783853e-08,3.365958523088891e-08,9.391899508160603e-08,1.27440335256912e-07,3.646368607057582e-08,True,best of 20 independent restarts,electric_circuit_analogy\benchmark\results_legacy_systems_1_4_v1\optimized_lengths\b_slsqp_seed1.csv,20,20,2,18,10.0
b,PSO,1,170000,38850,36.381941499974346,4.463734276286623e-07,2.1014002101400214e-07,4.933640292164862e-07,7.33415820991512e-07,2.0828814462081624e-07,True,converged or stopped after relative stagnation,electric_circuit_analogy\benchmark\results_legacy_systems_1_4_v1\optimized_lengths\b_pso_seed1.csv,1,1,0,0,
b,NSGA-II,2,170000,169800,155.7072855999868,4.2419587068234746e-06,3.5068452430257713e-06,5.5038329579419436e-06,5.6479866744896245e-06,4.903647629228569e-06,True,completed 283 generations,electric_circuit_analogy\benchmark\results_legacy_systems_1_4_v1\optimized_lengths\b_nsgaii_seed2.csv,1,1,0,0,
b,SLSQP,2,170000,167426,204.80248720000964,1.6701487695109356e-07,3.693915105656712e-07,4.0539370641510613e-07,2.3233434101599393e-07,4.6579996715312433e-07,True,best of 20 independent restarts,electric_circuit_analogy\benchmark\results_legacy_systems_1_4_v1\optimized_lengths\b_slsqp_seed2.csv,20,20,2,18,18.0
b,PSO,2,170000,48400,44.73480480001308,1.0089846443607494e-06,2.5847086435561203e-07,1.0415647844836754e-06,1.5657001145308325e-06,2.677471256928854e-07,True,converged or stopped after relative stagnation,electric_circuit_analogy\benchmark\results_legacy_systems_1_4_v1\optimized_lengths\b_pso_seed2.csv,1,1,0,0,
b,NSGA-II,3,170000,169800,155.88407989998814,1.3728849457366284e-08,3.210390892807476e-08,3.491621794933043e-08,1.9759708841382562e-08,3.194751563295739e-08,True,completed 283 generations,electric_circuit_analogy\benchmark\results_legacy_systems_1_4_v1\optimized_lengths\b_nsgaii_seed3.csv,1,1,0,0,
b,SLSQP,3,170000,161545,194.99460100001306,8.380747525482219e-08,2.704139982129693e-07,2.8310320262778975e-07,1.453609721757676e-07,3.197307524294146e-07,True,best of 20 independent restarts,electric_circuit_analogy\benchmark\results_legacy_systems_1_4_v1\optimized_lengths\b_slsqp_seed3.csv,20,20,3,17,7.0
b,PSO,3,170000,73850,68.36942679999629,0.00011392078560686134,0.00014604452281235638,0.00018522134876080928,0.00018942440159744334,0.00019879289934410238,True,converged or stopped after relative stagnation,electric_circuit_analogy\benchmark\results_legacy_systems_1_4_v1\optimized_lengths\b_pso_seed3.csv,1,1,0,0,
b,NSGA-II,4,170000,169800,156.77864709999994,3.5766912449892807e-06,1.0076271589956574e-05,1.0692238746705432e-05,5.300317484441264e-06,1.340513751646455e-05,True,completed 283 generations,electric_circuit_analogy\benchmark\results_legacy_systems_1_4_v1\optimized_lengths\b_nsgaii_seed4.csv,1,1,0,0,
b,SLSQP,4,170000,157716,195.38190320000285,1.0555422988513953e-07,1.2001247605339506e-07,1.5982706233648795e-07,1.2314521263823153e-07,1.6930708818252427e-07,True,best of 20 independent restarts,electric_circuit_analogy\benchmark\results_legacy_systems_1_4_v1\optimized_lengths\b_slsqp_seed4.csv,20,20,3,17,16.0
b,PSO,4,170000,47500,44.081260999984806,1.6599766497637794e-09,7.14771092946226e-10,1.8073240420778239e-09,2.6553710619214854e-09,1.0481604473255857e-09,True,converged or stopped after relative stagnation,electric_circuit_analogy\benchmark\results_legacy_systems_1_4_v1\optimized_lengths\b_pso_seed4.csv,1,1,0,0,
b,NSGA-II,5,170000,169800,153.456594999996,9.754613183718069e-08,1.9075611413132717e-07,2.1425018766591676e-07,1.114249350564478e-07,2.1165694830127535e-07,True,completed 283 generations,electric_circuit_analogy\benchmark\results_legacy_systems_1_4_v1\optimized_lengths\b_nsgaii_seed5.csv,1,1,0,0,
b,SLSQP,5,170000,162076,195.2329349000065,3.560279759409156e-08,1.8939950362576363e-07,1.9271671222343822e-07,6.062630175662775e-08,2.5520433910575235e-07,True,best of 20 independent restarts,electric_circuit_analogy\benchmark\results_legacy_systems_1_4_v1\optimized_lengths\b_slsqp_seed5.csv,20,20,3,17,10.0
b,PSO,5,170000,50700,48.84330800001044,1.1201786633760943e-07,6.918751017353278e-08,1.3166212037956564e-07,1.4963508310206208e-07,5.9045222100539974e-08,True,converged or stopped after relative stagnation,electric_circuit_analogy\benchmark\results_legacy_systems_1_4_v1\optimized_lengths\b_pso_seed5.csv,1,1,0,0,
b,NSGA-II,6,170000,169800,155.8392251000041,3.0202811953023575e-06,1.1359212901766052e-06,3.226827494021569e-06,4.748196097442703e-06,1.093110998939828e-06,True,completed 283 generations,electric_circuit_analogy\benchmark\results_legacy_systems_1_4_v1\optimized_lengths\b_nsgaii_seed6.csv,1,1,0,0,
b,SLSQP,6,170000,156144,188.9195228999888,1.1267717401982007e-07,1.2984278695238706e-07,1.719165345993683e-07,1.9187881702964482e-07,1.6685739409605382e-07,True,best of 20 independent restarts,electric_circuit_analogy\benchmark\results_legacy_systems_1_4_v1\optimized_lengths\b_slsqp_seed6.csv,20,20,5,15,18.0
b,PSO,6,170000,81250,76.5067930999794,3.855888391191229e-06,1.5385086917747159e-06,4.151491813792921e-06,4.526983573310828e-06,1.4710640957038557e-06,True,converged or stopped after relative stagnation,electric_circuit_analogy\benchmark\results_legacy_systems_1_4_v1\optimized_lengths\b_pso_seed6.csv,1,1,0,0,
b,NSGA-II,7,170000,169800,154.4006165000028,2.8885620966700885e-06,1.2542299651939328e-06,3.149108412219159e-06,3.914427097018169e-06,1.348299438985734e-06,True,completed 283 generations,electric_circuit_analogy\benchmark\results_legacy_systems_1_4_v1\optimized_lengths\b_nsgaii_seed7.csv,1,1,0,0,
b,SLSQP,7,170000,157470,192.06351839998388,1.435871962752481e-07,2.046542044354493e-07,2.500012526514483e-07,1.7789997175388095e-07,2.582620345914499e-07,True,best of 20 independent restarts,electric_circuit_analogy\benchmark\results_legacy_systems_1_4_v1\optimized_lengths\b_slsqp_seed7.csv,20,20,3,17,1.0
b,PSO,7,170000,52100,48.27712199999951,5.9287082957576874e-08,7.541594308340112e-08,9.59297799266599e-08,8.66165971169508e-08,8.43907030367852e-08,True,converged or stopped after relative stagnation,electric_circuit_analogy\benchmark\results_legacy_systems_1_4_v1\optimized_lengths\b_pso_seed7.csv,1,1,0,0,
b,NSGA-II,8,170000,169800,154.276600400015,9.277655878087834e-06,6.3640907127819215e-06,1.1250624391238685e-05,1.100154217159588e-05,7.706579645355704e-06,True,completed 283 generations,electric_circuit_analogy\benchmark\results_legacy_systems_1_4_v1\optimized_lengths\b_nsgaii_seed8.csv,1,1,0,0,
b,SLSQP,8,170000,150921,182.4705462999991,1.4252798379253917e-07,3.2758482796904864e-07,3.572478770818345e-07,2.2343591607465463e-07,3.410073089460397e-07,True,best of 20 independent restarts,electric_circuit_analogy\benchmark\results_legacy_systems_1_4_v1\optimized_lengths\b_slsqp_seed8.csv,20,20,5,15,19.0
b,PSO,8,170000,120700,112.01836740001454,1.8601007560564403e-11,1.5955054375952002e-11,2.4506351062689018e-11,3.002953441466616e-11,2.181521630006955e-11,True,converged or stopped after relative stagnation,electric_circuit_analogy\benchmark\results_legacy_systems_1_4_v1\optimized_lengths\b_pso_seed8.csv,1,1,0,0,
b,NSGA-II,9,170000,169800,155.98079600001802,5.657795146701043e-06,1.6711294425123965e-06,5.899433831789765e-06,7.164858974201271e-06,2.3009229750681204e-06,True,completed 283 generations,electric_circuit_analogy\benchmark\results_legacy_systems_1_4_v1\optimized_lengths\b_nsgaii_seed9.csv,1,1,0,0,
b,SLSQP,9,170000,155052,187.88180309999734,1.0232935929322827e-07,1.0352907252249729e-07,1.455663650392188e-07,1.5777641626524286e-07,1.1349043260722169e-07,True,best of 20 independent restarts,electric_circuit_analogy\benchmark\results_legacy_systems_1_4_v1\optimized_lengths\b_slsqp_seed9.csv,20,20,4,16,5.0
b,PSO,9,170000,47700,44.74807199998759,3.504832434898617e-08,4.563804983149143e-08,5.754317189809258e-08,5.470544220398388e-08,4.785340734780874e-08,True,converged or stopped after relative stagnation,electric_circuit_analogy\benchmark\results_legacy_systems_1_4_v1\optimized_lengths\b_pso_seed9.csv,1,1,0,0,
b,NSGA-II,10,170000,169800,154.90271339999163,4.2456848382718045e-07,1.683177315746817e-07,4.567157280210059e-07,5.758680382550452e-07,2.0878322148920603e-07,True,completed 283 generations,electric_circuit_analogy\benchmark\results_legacy_systems_1_4_v1\optimized_lengths\b_nsgaii_seed10.csv,1,1,0,0,
b,SLSQP,10,170000,164119,198.3587230000121,3.36987824895343e-07,1.0962473175501947e-07,3.54370393712644e-07,4.334404054562313e-07,1.1355845103144802e-07,True,best of 20 independent restarts,electric_circuit_analogy\benchmark\results_legacy_systems_1_4_v1\optimized_lengths\b_slsqp_seed10.csv,20,20,3,17,14.0
b,PSO,10,170000,60550,57.892226500000106,5.674992657786799e-07,5.94730193244164e-07,8.220458742768443e-07,8.857237319415123e-07,7.214501132613016e-07,True,converged or stopped after relative stagnation,electric_circuit_analogy\benchmark\results_legacy_systems_1_4_v1\optimized_lengths\b_pso_seed10.csv,1,1,0,0,
b,NSGA-II,11,170000,169800,156.01340679998975,4.726649949021499e-07,9.71750809669598e-07,1.0806071596557967e-06,7.39266182575582e-07,1.3712492270556709e-06,True,completed 283 generations,electric_circuit_analogy\benchmark\results_legacy_systems_1_4_v1\optimized_lengths\b_nsgaii_seed11.csv,1,1,0,0,
b,SLSQP,11,170000,167896,203.3220438999997,1.8257329677704457e-07,9.509334271846315e-08,2.058537163264484e-07,2.67242948964741e-07,1.0097449887336296e-07,True,best of 20 independent restarts,electric_circuit_analogy\benchmark\results_legacy_systems_1_4_v1\optimized_lengths\b_slsqp_seed11.csv,20,20,2,18,12.0
b,PSO,11,170000,32550,30.301482799986843,6.457959714647176e-07,2.3930942445245907e-06,2.4786997599420507e-06,1.0993295605776776e-06,2.1076522569996037e-06,True,converged or stopped after relative stagnation,electric_circuit_analogy\benchmark\results_legacy_systems_1_4_v1\optimized_lengths\b_pso_seed11.csv,1,1,0,0,
b,NSGA-II,12,170000,169800,155.23644079998485,2.344376686302674e-07,1.2143856657829236e-07,2.6402338139904467e-07,3.747651743379876e-07,1.4901150346968706e-07,True,completed 283 generations,electric_circuit_analogy\benchmark\results_legacy_systems_1_4_v1\optimized_lengths\b_nsgaii_seed12.csv,1,1,0,0,
b,SLSQP,12,170000,151338,182.20973770000273,1.019222479167314e-07,8.096915925544453e-08,1.3016969451809126e-07,1.3361140507872626e-07,7.208517449619478e-08,True,best of 20 independent restarts,electric_circuit_analogy\benchmark\results_legacy_systems_1_4_v1\optimized_lengths\b_slsqp_seed12.csv,20,20,5,15,9.0
b,PSO,12,170000,49300,45.663315600017086,6.555682738383371e-08,5.35476494664645e-09,6.577515582853151e-08,8.139996182654485e-08,6.486921499959664e-09,True,converged or stopped after relative stagnation,electric_circuit_analogy\benchmark\results_legacy_systems_1_4_v1\optimized_lengths\b_pso_seed12.csv,1,1,0,0,
b,NSGA-II,13,170000,169800,156.46753419999732,1.0979911339054527e-08,5.07240982206673e-09,1.2094949128313736e-08,1.4581784030243128e-08,6.2112027743310705e-09,True,completed 283 generations,electric_circuit_analogy\benchmark\results_legacy_systems_1_4_v1\optimized_lengths\b_nsgaii_seed13.csv,1,1,0,0,
b,SLSQP,13,170000,155943,189.23705820000032,1.1341382386059223e-07,1.926105340924664e-07,2.2352072227439363e-07,1.6626705376387996e-07,2.5327074992809173e-07,True,best of 20 independent restarts,electric_circuit_analogy\benchmark\results_legacy_systems_1_4_v1\optimized_lengths\b_slsqp_seed13.csv,20,20,5,15,1.0
b,PSO,13,170000,61050,56.933391099999426,6.268914386847118e-06,6.974920655587744e-06,9.378102459525773e-06,1.009398075318968e-05,8.937609299208837e-06,True,converged or stopped after relative stagnation,electric_circuit_analogy\benchmark\results_legacy_systems_1_4_v1\optimized_lengths\b_pso_seed13.csv,1,1,0,0,
b,NSGA-II,14,170000,169800,156.65995119998115,2.6493987040299225e-08,2.9563655194622133e-08,3.969812410880458e-08,4.567354605633511e-08,3.153813346590262e-08,True,completed 283 generations,electric_circuit_analogy\benchmark\results_legacy_systems_1_4_v1\optimized_lengths\b_nsgaii_seed14.csv,1,1,0,0,
b,SLSQP,14,170000,156413,189.45602179999696,1.8555521864425677e-07,7.218507710857064e-08,1.9910154324687748e-07,2.2569106969405617e-07,9.126194844277791e-08,True,best of 20 independent restarts,electric_circuit_analogy\benchmark\results_legacy_systems_1_4_v1\optimized_lengths\b_slsqp_seed14.csv,20,20,3,17,9.0
b,PSO,14,170000,100750,94.22887749999063,4.842117990808781e-10,2.9720899778500594e-10,5.681498523572002e-10,7.963535941790667e-10,4.06264744068352e-10,True,converged or stopped after relative stagnation,electric_circuit_analogy\benchmark\results_legacy_systems_1_4_v1\optimized_lengths\b_pso_seed14.csv,1,1,0,0,
b,NSGA-II,15,170000,169800,154.49082499998622,1.3392765716599364e-06,9.259505698493863e-07,1.6282033635887122e-06,1.9223506352861186e-06,1.1765169374289286e-06,True,completed 283 generations,electric_circuit_analogy\benchmark\results_legacy_systems_1_4_v1\optimized_lengths\b_nsgaii_seed15.csv,1,1,0,0,
b,SLSQP,15,170000,159949,193.36583510000492,1.328626083178947e-07,1.8457605359134227e-07,2.2742205752386542e-07,2.015165707913713e-07,2.0806063327771795e-07,True,best of 20 independent restarts,electric_circuit_analogy\benchmark\results_legacy_systems_1_4_v1\optimized_lengths\b_slsqp_seed15.csv,20,20,3,17,5.0
b,PSO,15,170000,75000,68.6831828999857,3.294220820816141e-11,2.518196009880906e-11,4.1464686132272463e-11,5.5255522379837885e-11,3.6631028461584986e-11,True,converged or stopped after relative stagnation,electric_circuit_analogy\benchmark\results_legacy_systems_1_4_v1\optimized_lengths\b_pso_seed15.csv,1,1,0,0,
b,NSGA-II,16,170000,169800,154.48946270000306,1.4776272452694266e-05,1.2362456791195018e-05,1.9265735529961352e-05,1.9039475373877623e-05,1.6984517983487102e-05,True,completed 283 generations,electric_circuit_analogy\benchmark\results_legacy_systems_1_4_v1\optimized_lengths\b_nsgaii_seed16.csv,1,1,0,0,
b,SLSQP,16,170000,146297,177.01573459999054,7.946489911448052e-08,2.0049834378892932e-07,2.156716394275758e-07,1.400148146035729e-07,2.7842964711588536e-07,True,best of 20 independent restarts,electric_circuit_analogy\benchmark\results_legacy_systems_1_4_v1\optimized_lengths\b_slsqp_seed16.csv,20,20,7,13,16.0
b,PSO,16,170000,51950,47.54618249999476,9.965307510679536e-08,8.428000340178654e-08,1.3051380904580844e-07,1.7605926472263889e-07,9.93398566739856e-08,True,converged or stopped after relative stagnation,electric_circuit_analogy\benchmark\results_legacy_systems_1_4_v1\optimized_lengths\b_pso_seed16.csv,1,1,0,0,
b,NSGA-II,17,170000,169800,153.8115206999937,2.887139830193901e-06,8.033205769519529e-07,2.9968150340730883e-06,4.491484703217363e-06,9.33531481783767e-07,True,completed 283 generations,electric_circuit_analogy\benchmark\results_legacy_systems_1_4_v1\optimized_lengths\b_nsgaii_seed17.csv,1,1,0,0,
b,SLSQP,17,170000,153538,185.7021601999877,1.6315036694254854e-07,4.885379239964079e-08,1.7030776630945355e-07,1.8062947682029318e-07,5.335421426888587e-08,True,best of 20 independent restarts,electric_circuit_analogy\benchmark\results_legacy_systems_1_4_v1\optimized_lengths\b_slsqp_seed17.csv,20,20,6,14,1.0
b,PSO,17,170000,29250,27.299167799996212,1.2634997639114807e-05,2.8001902942726568e-05,3.072050998525766e-05,1.6101805242113576e-05,3.4660615282844365e-05,True,converged or stopped after relative stagnation,electric_circuit_analogy\benchmark\results_legacy_systems_1_4_v1\optimized_lengths\b_pso_seed17.csv,1,1,0,0,
b,NSGA-II,18,170000,169800,155.39081630000146,1.990650525692768e-06,1.4178768365146528e-06,2.4439853188932404e-06,2.7372469842967817e-06,1.5011851300372747e-06,True,completed 283 generations,electric_circuit_analogy\benchmark\results_legacy_systems_1_4_v1\optimized_lengths\b_nsgaii_seed18.csv,1,1,0,0,
b,SLSQP,18,170000,156939,189.326503600023,1.1900394252402092e-07,1.9615529620681962e-07,2.2943155529753447e-07,1.8308727872673458e-07,2.4273128423901724e-07,True,best of 20 independent restarts,electric_circuit_analogy\benchmark\results_legacy_systems_1_4_v1\optimized_lengths\b_slsqp_seed18.csv,20,20,5,15,12.0
b,PSO,18,170000,34900,32.33682139997836,1.2270502053146728e-08,9.767750062481051e-09,1.568356343180263e-08,1.6441777411779768e-08,9.962138336483406e-09,True,converged or stopped after relative stagnation,electric_circuit_analogy\benchmark\results_legacy_systems_1_4_v1\optimized_lengths\b_pso_seed18.csv,1,1,0,0,
b,NSGA-II,19,170000,169800,156.3557385999884,4.4511400409386934e-08,4.272019189867493e-08,6.16950529804812e-08,6.727014600915737e-08,4.168192080378219e-08,True,completed 283 generations,electric_circuit_analogy\benchmark\results_legacy_systems_1_4_v1\optimized_lengths\b_nsgaii_seed19.csv,1,1,0,0,
b,SLSQP,19,170000,163654,201.06031110000913,2.385029884339664e-07,1.1491727764492328e-07,2.647445111673764e-07,3.515254907715537e-07,1.2252285280789366e-07,True,best of 20 independent restarts,electric_circuit_analogy\benchmark\results_legacy_systems_1_4_v1\optimized_lengths\b_slsqp_seed19.csv,20,20,2,18,11.0
b,PSO,19,170000,47750,44.29183620002004,7.592997677517431e-07,4.788052100226489e-07,8.976583795925286e-07,1.212537541039893e-06,4.978521160325933e-07,True,converged or stopped after relative stagnation,electric_circuit_analogy\benchmark\results_legacy_systems_1_4_v1\optimized_lengths\b_pso_seed19.csv,1,1,0,0,
b,NSGA-II,20,170000,169800,155.5604783000017,5.474764446741757e-07,1.99035673734182e-07,5.825338246762118e-07,8.133896459705525e-07,2.3437661478276084e-07,True,completed 283 generations,electric_circuit_analogy\benchmark\results_legacy_systems_1_4_v1\optimized_lengths\b_nsgaii_seed20.csv,1,1,0,0,
b,SLSQP,20,170000,164934,200.71283199999016,2.114466352688452e-07,6.755822049903918e-08,2.2197700944807967e-07,3.4993086089896153e-07,8.472481238808172e-08,True,best of 20 independent restarts,electric_circuit_analogy\benchmark\results_legacy_systems_1_4_v1\optimized_lengths\b_slsqp_seed20.csv,20,20,2,18,10.0
b,PSO,20,170000,46600,43.46932609999203,3.473694599728989e-07,3.4831534764159675e-07,4.919238997289619e-07,4.813290542804438e-07,4.3834631291428394e-07,True,converged or stopped after relative stagnation,electric_circuit_analogy\benchmark\results_legacy_systems_1_4_v1\optimized_lengths\b_pso_seed20.csv,1,1,0,0,
b,NSGA-II,21,170000,169800,154.96453369999654,7.677491687504751e-07,4.467038774211732e-07,8.882472292217725e-07,1.276649774090144e-06,5.342727913970613e-07,True,completed 283 generations,electric_circuit_analogy\benchmark\results_legacy_systems_1_4_v1\optimized_lengths\b_nsgaii_seed21.csv,1,1,0,0,
b,SLSQP,21,170000,164471,198.320947900007,3.1920785615205e-07,1.1056173069767505e-07,3.3781289454970934e-07,4.987674228074113e-07,1.4382919272248884e-07,True,best of 20 independent restarts,electric_circuit_analogy\benchmark\results_legacy_systems_1_4_v1\optimized_lengths\b_slsqp_seed21.csv,20,20,1,19,9.0
b,PSO,21,170000,40350,38.240983399999095,4.9606621201455775e-06,7.605807912336412e-06,9.080555196110334e-06,5.915252373034363e-06,8.673742743214863e-06,True,converged or stopped after relative stagnation,electric_circuit_analogy\benchmark\results_legacy_systems_1_4_v1\optimized_lengths\b_pso_seed21.csv,1,1,0,0,
b,NSGA-II,22,170000,169800,155.6672847000009,5.74545101921899e-07,3.5740603814457677e-07,6.766396014457386e-07,8.941326976874553e-07,3.661440848845565e-07,True,completed 283 generations,electric_circuit_analogy\benchmark\results_legacy_systems_1_4_v1\optimized_lengths\b_nsgaii_seed22.csv,1,1,0,0,
b,SLSQP,22,170000,153049,187.8038670999813,1.589595022246412e-07,9.61355499442272e-08,1.8576912367394295e-07,2.503040475998475e-07,1.2669779592133779e-07,True,best of 20 independent restarts,electric_circuit_analogy\benchmark\results_legacy_systems_1_4_v1\optimized_lengths\b_slsqp_seed22.csv,20,20,5,15,12.0
b,PSO,22,170000,35400,32.959348000003956,2.2162373598424265e-06,1.7394492884997366e-06,2.8173377260143254e-06,2.514854542334799e-06,2.349249352828764e-06,True,converged or stopped after relative stagnation,electric_circuit_analogy\benchmark\results_legacy_systems_1_4_v1\optimized_lengths\b_pso_seed22.csv,1,1,0,0,
b,NSGA-II,23,170000,169800,156.53307619999396,4.6316579302415854e-08,9.638317700508615e-08,1.0693428976652318e-07,7.341064520161034e-08,1.3398167947320516e-07,True,completed 283 generations,electric_circuit_analogy\benchmark\results_legacy_systems_1_4_v1\optimized_lengths\b_nsgaii_seed23.csv,1,1,0,0,
b,SLSQP,23,170000,162411,198.3825002000085,1.3180537622076622e-07,7.929862349415746e-08,1.5382109377054196e-07,1.9368658923935023e-07,7.25901938558593e-08,True,best of 20 independent restarts,electric_circuit_analogy\benchmark\results_legacy_systems_1_4_v1\optimized_lengths\b_slsqp_seed23.csv,20,20,2,18,17.0
b,PSO,23,170000,27200,25.2701020000095,1.3725100871155355e-05,3.0162830052360664e-05,3.313871920715979e-05,1.7683915859628696e-05,3.273986524904293e-05,True,converged or stopped after relative stagnation,electric_circuit_analogy\benchmark\results_legacy_systems_1_4_v1\optimized_lengths\b_pso_seed23.csv,1,1,0,0,
b,NSGA-II,24,170000,169800,154.46543189999647,1.59965836456521e-05,4.2208628882704646e-05,4.513822150340256e-05,2.641874768080643e-05,4.297368658595646e-05,True,completed 283 generations,electric_circuit_analogy\benchmark\results_legacy_systems_1_4_v1\optimized_lengths\b_nsgaii_seed24.csv,1,1,0,0,
b,SLSQP,24,170000,149172,181.5393546000123,2.431905090931336e-07,1.2341676049982597e-07,2.72714723631213e-07,4.040127519200354e-07,1.7037778965445227e-07,True,best of 20 independent restarts,electric_circuit_analogy\benchmark\results_legacy_systems_1_4_v1\optimized_lengths\b_slsqp_seed24.csv,20,20,7,13,1.0
b,PSO,24,170000,46400,42.96298979999847,1.5942922259154315e-06,1.264126198359088e-06,2.0346456072230813e-06,2.567098894901143e-06,1.594065078824869e-06,True,converged or stopped after relative stagnation,electric_circuit_analogy\benchmark\results_legacy_systems_1_4_v1\optimized_lengths\b_pso_seed24.csv,1,1,0,0,
b,NSGA-II,25,170000,169800,156.15921050001634,8.363950686397446e-06,6.953249320451076e-06,1.0876734215601744e-05,1.06473223618897e-05,6.683731670453774e-06,True,completed 283 generations,electric_circuit_analogy\benchmark\results_legacy_systems_1_4_v1\optimized_lengths\b_nsgaii_seed25.csv,1,1,0,0,
b,SLSQP,25,170000,155223,187.83057829999598,1.0960088683242973e-07,3.1795768705046553e-07,3.3631747672242195e-07,1.4668390102556828e-07,3.0241680737397303e-07,True,best of 20 independent restarts,electric_circuit_analogy\benchmark\results_legacy_systems_1_4_v1\optimized_lengths\b_slsqp_seed25.csv,20,20,5,15,5.0
b,PSO,25,170000,98500,92.43962560000364,1.5638674151129925e-11,3.7928290984367256e-11,4.1025886781397597e-11,1.7644691263640766e-11,4.266653697015954e-11,True,converged or stopped after relative stagnation,electric_circuit_analogy\benchmark\results_legacy_systems_1_4_v1\optimized_lengths\b_pso_seed25.csv,1,1,0,0,
b,NSGA-II,26,170000,169800,154.31007899998804,1.7388941486419673e-06,1.5962779538323922e-06,2.3604779528884827e-06,2.2768993500343893e-06,1.6317220870587512e-06,True,completed 283 generations,electric_circuit_analogy\benchmark\results_legacy_systems_1_4_v1\optimized_lengths\b_nsgaii_seed26.csv,1,1,0,0,
b,SLSQP,26,170000,170000,205.82865879999008,1.1804211963355338e-07,1.0363349177043465e-07,1.5707909671281815e-07,2.0394569119619455e-07,1.4486996041673805e-07,True,best of 20 independent restarts,electric_circuit_analogy\benchmark\results_legacy_systems_1_4_v1\optimized_lengths\b_slsqp_seed26.csv,20,20,0,20,11.0
b,PSO,26,170000,55900,51.977689499995904,7.831042909949236e-07,3.1975050568215753e-07,8.458680254381633e-07,1.0498849757900608e-06,3.0793197802747585e-07,True,converged or stopped after relative stagnation,electric_circuit_analogy\benchmark\results_legacy_systems_1_4_v1\optimized_lengths\b_pso_seed26.csv,1,1,0,0,
b,NSGA-II,27,170000,169800,156.40992239999468,1.210475936315372e-07,1.7771863011725322e-07,2.1502658304204815e-07,1.8460425679767134e-07,1.9591045741229607e-07,True,completed 283 generations,electric_circuit_analogy\benchmark\results_legacy_systems_1_4_v1\optimized_lengths\b_nsgaii_seed27.csv,1,1,0,0,
b,SLSQP,27,170000,166736,202.6715758999926,1.1409955854481984e-07,3.042374319703258e-08,1.1808604240231678e-07,1.8134417192894325e-07,3.9421159725439026e-08,True,best of 20 independent restarts,electric_circuit_analogy\benchmark\results_legacy_systems_1_4_v1\optimized_lengths\b_slsqp_seed27.csv,20,20,3,17,5.0
b,PSO,27,170000,65600,61.55475199999637,3.0031552090234212e-09,2.271306837334387e-09,3.765338757509933e-09,4.322045027427279e-09,3.1908820030679408e-09,True,converged or stopped after relative stagnation,electric_circuit_analogy\benchmark\results_legacy_systems_1_4_v1\optimized_lengths\b_pso_seed27.csv,1,1,0,0,
b,NSGA-II,28,170000,169800,154.91611540000304,1.7936793104392173e-06,2.88637933272249e-06,3.3983041537015536e-06,2.761822821994997e-06,3.619927763487407e-06,True,completed 283 generations,electric_circuit_analogy\benchmark\results_legacy_systems_1_4_v1\optimized_lengths\b_nsgaii_seed28.csv,1,1,0,0,
b,SLSQP,28,170000,152293,184.5965920999879,1.178611576422042e-07,6.513098607584468e-08,1.34659934011466e-07,1.4738802003866347e-07,7.39227008494936e-08,True,best of 20 independent restarts,electric_circuit_analogy\benchmark\results_legacy_systems_1_4_v1\optimized_lengths\b_slsqp_seed28.csv,20,20,6,14,2.0
b,PSO,28,170000,28950,26.773442200006684,3.533504438023869e-05,4.5029484339461026e-05,5.723827234666682e-05,4.9806593203916005e-05,6.0472551518420126e-05,True,converged or stopped after relative stagnation,electric_circuit_analogy\benchmark\results_legacy_systems_1_4_v1\optimized_lengths\b_pso_seed28.csv,1,1,0,0,
b,NSGA-II,29,170000,169800,156.0310601000092,2.037471827224362e-08,5.1865987505780874e-09,2.1024508347944697e-08,2.6287386489798337e-08,6.46666470371926e-09,True,completed 283 generations,electric_circuit_analogy\benchmark\results_legacy_systems_1_4_v1\optimized_lengths\b_nsgaii_seed29.csv,1,1,0,0,
b,SLSQP,29,170000,161170,196.82536190000246,1.2947629876699086e-07,2.4049225908393466e-07,2.731311747525233e-07,1.5856373253297917e-07,2.3180364983055313e-07,True,best of 20 independent restarts,electric_circuit_analogy\benchmark\results_legacy_systems_1_4_v1\optimized_lengths\b_slsqp_seed29.csv,20,20,3,17,19.0
b,PSO,29,170000,40350,37.24497200001497,8.125773425677877e-06,1.960675612396897e-05,2.122387993440991e-05,1.1966190132328691e-05,2.457352937659807e-05,True,converged or stopped after relative stagnation,electric_circuit_analogy\benchmark\results_legacy_systems_1_4_v1\optimized_lengths\b_pso_seed29.csv,1,1,0,0,
b,NSGA-II,30,170000,169800,159.69711460001417,2.0228177440897085e-08,5.397401095253001e-08,5.764002967456078e-08,2.5611385262580555e-08,6.10984000892767e-08,True,completed 283 generations,electric_circuit_analogy\benchmark\results_legacy_systems_1_4_v1\optimized_lengths\b_nsgaii_seed30.csv,1,1,0,0,
b,SLSQP,30,170000,158914,193.51334889998543,5.1863599378020886e-08,1.0182304787491253e-07,1.1427058247414589e-07,8.081761226907958e-08,1.307050018217737e-07,True,best of 20 independent restarts,electric_circuit_analogy\benchmark\results_legacy_systems_1_4_v1\optimized_lengths\b_slsqp_seed30.csv,20,20,3,17,3.0
b,PSO,30,170000,67400,62.63229369997862,1.078522117882668e-08,1.0726493732184635e-08,1.5211136172646927e-08,1.677701624847039e-08,1.1622048823323183e-08,True,converged or stopped after relative stagnation,electric_circuit_analogy\benchmark\results_legacy_systems_1_4_v1\optimized_lengths\b_pso_seed30.csv,1,1,0,0,
c,NSGA-II,1,260000,259800,358.50062179999077,5.375781269528193e-07,1.6128937228955478e-06,1.7001224673340335e-06,8.755843592667123e-07,2.0675552212523485e-06,True,completed 433 generations,electric_circuit_analogy\benchmark\results_legacy_systems_1_4_v1\optimized_lengths\c_nsgaii_seed1.csv,1,1,0,0,
c,SLSQP,1,260000,222300,397.27768930001184,5.925929539827121e-08,4.6908840207486096e-08,7.557845844360039e-08,7.732322879205888e-08,5.358920526776778e-08,True,best of 20 independent restarts,electric_circuit_analogy\benchmark\results_legacy_systems_1_4_v1\optimized_lengths\c_slsqp_seed1.csv,20,20,8,12,3.0
c,PSO,1,260000,60600,84.00899010000285,2.9049876287157227e-06,1.8837404622287835e-06,3.462286997351506e-06,4.590104522278482e-06,2.3271678428749e-06,True,converged or stopped after relative stagnation,electric_circuit_analogy\benchmark\results_legacy_systems_1_4_v1\optimized_lengths\c_pso_seed1.csv,1,1,0,0,
c,NSGA-II,2,260000,259800,353.01387589998194,3.779484469056911e-08,9.458519752206571e-08,1.018568106484413e-07,6.072012903590718e-08,1.1519349463195994e-07,True,completed 433 generations,electric_circuit_analogy\benchmark\results_legacy_systems_1_4_v1\optimized_lengths\c_nsgaii_seed2.csv,1,1,0,0,
c,SLSQP,2,260000,225769,404.76657080001314,3.961103813862034e-08,4.9332351662400806e-08,6.326701560024793e-08,5.842594469340767e-08,6.07321182233278e-08,True,best of 20 independent restarts,electric_circuit_analogy\benchmark\results_legacy_systems_1_4_v1\optimized_lengths\c_slsqp_seed2.csv,20,20,9,11,1.0
c,PSO,2,260000,62900,86.8380487000104,6.232024488080298e-07,5.042936154972309e-07,8.016815719670709e-07,8.32099965625277e-07,5.126682807721217e-07,True,converged or stopped after relative stagnation,electric_circuit_analogy\benchmark\results_legacy_systems_1_4_v1\optimized_lengths\c_pso_seed2.csv,1,1,0,0,
c,NSGA-II,3,260000,259800,354.01216079998994,4.034778141275744e-07,1.0181363172713345e-06,1.0951693508494477e-06,5.825388680602561e-07,1.1476894341555521e-06,True,completed 433 generations,electric_circuit_analogy\benchmark\results_legacy_systems_1_4_v1\optimized_lengths\c_nsgaii_seed3.csv,1,1,0,0,
c,SLSQP,3,260000,205943,367.83044279998285,1.4430948899699467e-07,1.3239499540385212e-07,1.9584091355628364e-07,2.3395041662266358e-07,1.7284031861297677e-07,True,best of 20 independent restarts,electric_circuit_analogy\benchmark\results_legacy_systems_1_4_v1\optimized_lengths\c_slsqp_seed3.csv,20,20,11,9,12.0
c,PSO,3,260000,71700,99.83300350001082,0.00013554736808583083,1.6159352363205355e-05,0.0001365071927181639,0.0002101210961351352,1.7129218333411522e-05,True,converged or stopped after relative stagnation,electric_circuit_analogy\benchmark\results_legacy_systems_1_4_v1\optimized_lengths\c_pso_seed3.csv,1,1,0,0,
c,NSGA-II,4,260000,259800,356.4207669000025,8.973924872699833e-08,6.839680651198859e-08,1.128328671226805e-07,1.5412443579720936e-07,7.146644254163448e-08,True,completed 433 generations,electric_circuit_analogy\benchmark\results_legacy_systems_1_4_v1\optimized_lengths\c_nsgaii_seed4.csv,1,1,0,0,
c,SLSQP,4,260000,233571,417.86044960000436,8.023257527285145e-08,2.1988006325232037e-07,2.3406090735267644e-07,1.0548897025342008e-07,2.6830788954490536e-07,True,best of 20 independent restarts,electric_circuit_analogy\benchmark\results_legacy_systems_1_4_v1\optimized_lengths\c_slsqp_seed4.csv,20,20,7,13,15.0
c,PSO,4,260000,50350,69.79175390000455,1.721191333845533e-07,1.416603164460137e-07,2.2291846341798246e-07,2.2217431594473425e-07,1.4780319965157496e-07,True,converged or stopped after relative stagnation,electric_circuit_analogy\benchmark\results_legacy_systems_1_4_v1\optimized_lengths\c_pso_seed4.csv,1,1,0,0,
c,NSGA-II,5,260000,259800,356.1090911999927,2.5220026431736265e-08,1.3801326968956359e-08,2.8749371459590522e-08,3.8488611187048605e-08,1.513169456401897e-08,True,completed 433 generations,electric_circuit_analogy\benchmark\results_legacy_systems_1_4_v1\optimized_lengths\c_nsgaii_seed5.csv,1,1,0,0,
c,SLSQP,5,260000,234040,420.68363680000766,8.169666485440914e-08,2.198605711819165e-08,8.460337910472629e-08,8.418474173321755e-08,1.8487218145235573e-08,True,best of 20 independent restarts,electric_circuit_analogy\benchmark\results_legacy_systems_1_4_v1\optimized_lengths\c_slsqp_seed5.csv,20,20,7,13,19.0
c,PSO,5,260000,99700,136.89016830001492,3.3567838565428003e-10,3.934990932821543e-10,5.172248205658165e-10,4.584708446220276e-10,4.986196455725178e-10,True,converged or stopped after relative stagnation,electric_circuit_analogy\benchmark\results_legacy_systems_1_4_v1\optimized_lengths\c_pso_seed5.csv,1,1,0,0,
c,NSGA-II,6,260000,259800,354.62946080000256,6.876445155665527e-07,3.8408910684706744e-07,7.876416836273566e-07,7.683362095722845e-07,4.831910440650233e-07,True,completed 433 generations,electric_circuit_analogy\benchmark\results_legacy_systems_1_4_v1\optimized_lengths\c_nsgaii_seed6.csv,1,1,0,0,
c,SLSQP,6,260000,238566,424.26050830000895,2.9065509304789036e-08,1.4234615314119332e-07,1.4528327895956519e-07,4.4170108681740317e-08,1.765525002028756e-07,True,best of 20 independent restarts,electric_circuit_analogy\benchmark\results_legacy_systems_1_4_v1\optimized_lengths\c_slsqp_seed6.csv,20,20,5,15,18.0
c,PSO,6,260000,103300,143.55737890000455,6.372274934035992e-10,4.87936280419685e-10,8.025837601766133e-10,7.978489258153587e-10,5.685729664861583e-10,True,converged or stopped after relative stagnation,electric_circuit_analogy\benchmark\results_legacy_systems_1_4_v1\optimized_lengths\c_pso_seed6.csv,1,1,0,0,
c,NSGA-II,7,260000,259800,354.3030340000114,3.0309125692045593e-07,1.8902476799814925e-07,3.572039654572384e-07,5.094762672575026e-07,1.8977694377086962e-07,True,completed 433 generations,electric_circuit_analogy\benchmark\results_legacy_systems_1_4_v1\optimized_lengths\c_nsgaii_seed7.csv,1,1,0,0,
c,SLSQP,7,260000,202207,359.88223409999046,5.1177857863184966e-08,9.984066584523856e-08,1.1219327828299229e-07,7.611180266597906e-08,1.3758982264633346e-07,True,best of 20 independent restarts,electric_circuit_analogy\benchmark\results_legacy_systems_1_4_v1\optimized_lengths\c_slsqp_seed7.csv,20,20,9,11,8.0
c,PSO,7,260000,63000,86.23185440001544,6.445245662378589e-07,2.695105146754737e-07,6.986042041132725e-07,9.676722630136414e-07,3.1839510450382136e-07,True,converged or stopped after relative stagnation,electric_circuit_analogy\benchmark\results_legacy_systems_1_4_v1\optimized_lengths\c_pso_seed7.csv,1,1,0,0,
c,NSGA-II,8,260000,259800,355.1129295999999,1.17455970339785e-09,2.1607609471914714e-09,2.459365440058437e-09,1.8455680039775046e-09,2.6197010671857868e-09,True,completed 433 generations,electric_circuit_analogy\benchmark\results_legacy_systems_1_4_v1\optimized_lengths\c_nsgaii_seed8.csv,1,1,0,0,
c,SLSQP,8,260000,230944,413.15859209999326,9.81967120695385e-08,1.4839343977463514e-07,1.7794158375550136e-07,1.5565656374949555e-07,1.576336233211073e-07,True,best of 20 independent restarts,electric_circuit_analogy\benchmark\results_legacy_systems_1_4_v1\optimized_lengths\c_slsqp_seed8.csv,20,20,7,13,6.0
c,PSO,8,260000,74800,103.47859779998544,6.068612466572675e-08,2.62095867197972e-08,6.610407069891156e-08,9.193651678840453e-08,3.208184551350968e-08,True,converged or stopped after relative stagnation,electric_circuit_analogy\benchmark\results_legacy_systems_1_4_v1\optimized_lengths\c_pso_seed8.csv,1,1,0,0,
c,NSGA-II,9,260000,259800,356.5530197999906,4.1426669245253197e-08,4.7637564703698746e-08,6.31308680096725e-08,5.97581747141529e-08,5.94365682504705e-08,True,completed 433 generations,electric_circuit_analogy\benchmark\results_legacy_systems_1_4_v1\optimized_lengths\c_nsgaii_seed9.csv,1,1,0,0,
c,SLSQP,9,260000,207319,377.31532880000304,1.1019380728357072e-07,6.449721483836721e-08,1.276815017359806e-07,1.6819833298375997e-07,6.860980011902384e-08,True,best of 20 independent restarts,electric_circuit_analogy\benchmark\results_legacy_systems_1_4_v1\optimized_lengths\c_slsqp_seed9.csv,20,20,9,11,8.0
c,PSO,9,260000,78100,107.70880710001802,2.536336502943617e-08,3.5321984796514643e-08,4.3484973215832124e-08,3.1113706194796364e-08,3.477086185643685e-08,True,converged or stopped after relative stagnation,electric_circuit_analogy\benchmark\results_legacy_systems_1_4_v1\optimized_lengths\c_pso_seed9.csv,1,1,0,0,
c,NSGA-II,10,260000,259800,356.579009899986,9.033684769506393e-09,2.6198244224825634e-09,9.405899240341024e-09,1.3837619383672006e-08,3.5982758439523366e-09,True,completed 433 generations,electric_circuit_analogy\benchmark\results_legacy_systems_1_4_v1\optimized_lengths\c_nsgaii_seed10.csv,1,1,0,0,
c,SLSQP,10,260000,239068,426.19875449998653,8.03118212444121e-08,5.933987307054871e-08,9.985594207468694e-08,1.0362633340310623e-07,7.817597308390489e-08,True,best of 20 independent restarts,electric_circuit_analogy\benchmark\results_legacy_systems_1_4_v1\optimized_lengths\c_slsqp_seed10.csv,20,20,6,14,5.0
c,PSO,10,260000,197300,272.31116180002573,8.750677912661827e-12,4.555639703185298e-11,4.638921937751238e-11,1.0661110882992375e-11,6.293440327892568e-11,True,converged or stopped after relative stagnation,electric_circuit_analogy\benchmark\results_legacy_systems_1_4_v1\optimized_lengths\c_pso_seed10.csv,1,1,0,0,
c,NSGA-II,11,260000,259800,354.18199809998623,5.546020465431382e-07,1.961151982363822e-06,2.0380629352302608e-06,7.824372265097246e-07,1.8147550940039725e-06,True,completed 433 generations,electric_circuit_analogy\benchmark\results_legacy_systems_1_4_v1\optimized_lengths\c_nsgaii_seed11.csv,1,1,0,0,
c,SLSQP,11,260000,238391,426.5689790000033,1.2903051592145297e-07,1.3831880822882397e-07,1.8915857566813752e-07,2.1948506012670066e-07,1.4294144023985211e-07,True,best of 20 independent restarts,electric_circuit_analogy\benchmark\results_legacy_systems_1_4_v1\optimized_lengths\c_slsqp_seed11.csv,20,20,6,14,13.0
c,PSO,11,260000,61450,84.21767789998557,1.1450268762412322e-07,8.168255819029215e-08,1.4065171803308343e-07,1.807685776344936e-07,1.0532429084442185e-07,True,converged or stopped after relative stagnation,electric_circuit_analogy\benchmark\results_legacy_systems_1_4_v1\optimized_lengths\c_pso_seed11.csv,1,1,0,0,
c,NSGA-II,12,260000,259800,354.0181201999949,3.874017047207746e-07,7.668764877742434e-07,8.591738056537348e-07,5.794951335180709e-07,8.761296708126309e-07,True,completed 433 generations,electric_circuit_analogy\benchmark\results_legacy_systems_1_4_v1\optimized_lengths\c_nsgaii_seed12.csv,1,1,0,0,
c,SLSQP,12,260000,233078,422.285029199993,1.4524172583244157e-07,1.9267803184686193e-07,2.4128817393143507e-07,2.5646767756737354e-07,2.3781851166138068e-07,True,best of 20 independent restarts,electric_circuit_analogy\benchmark\results_legacy_systems_1_4_v1\optimized_lengths\c_slsqp_seed12.csv,20,20,7,13,18.0
c,PSO,12,260000,63100,86.21035939999274,9.15097001753061e-06,5.519737773514907e-06,1.0686802952712821e-05,1.2031931273026597e-05,7.071940824943113e-06,True,converged or stopped after relative stagnation,electric_circuit_analogy\benchmark\results_legacy_systems_1_4_v1\optimized_lengths\c_pso_seed12.csv,1,1,0,0,
c,NSGA-II,13,260000,259800,358.4188233000168,1.0609949869225027e-07,4.986035284819404e-08,1.1723121772332329e-07,1.3259960796041526e-07,5.1376314258444467e-08,True,completed 433 generations,electric_circuit_analogy\benchmark\results_legacy_systems_1_4_v1\optimized_lengths\c_nsgaii_seed13.csv,1,1,0,0,
c,SLSQP,13,260000,209378,373.4877606999944,1.4002024686846738e-07,1.412209744573067e-07,1.9886938718610723e-07,2.1520164114607887e-07,1.6247387923939982e-07,True,best of 20 independent restarts,electric_circuit_analogy\benchmark\results_legacy_systems_1_4_v1\optimized_lengths\c_slsqp_seed13.csv,20,20,10,10,2.0
c,PSO,13,260000,89850,123.64567769999849,1.2251531954328071e-07,1.2846101047158457e-07,1.7751685760561654e-07,1.6481197806506032e-07,1.6402929958747592e-07,True,converged or stopped after relative stagnation,electric_circuit_analogy\benchmark\results_legacy_systems_1_4_v1\optimized_lengths\c_pso_seed13.csv,1,1,0,0,
c,NSGA-II,14,260000,259800,354.12372000000323,5.408329109154456e-09,9.610250476212002e-10,5.493049507794625e-09,7.4952190287636e-09,1.2215559674899623e-09,True,completed 433 generations,electric_circuit_analogy\benchmark\results_legacy_systems_1_4_v1\optimized_lengths\c_nsgaii_seed14.csv,1,1,0,0,
c,SLSQP,14,260000,229105,408.3103401999979,2.448225071581352e-08,2.466453148757382e-08,3.4752261992760585e-08,2.7476109359936274e-08,2.635048523824679e-08,True,best of 20 independent restarts,electric_circuit_analogy\benchmark\results_legacy_systems_1_4_v1\optimized_lengths\c_slsqp_seed14.csv,20,20,6,14,1.0
c,PSO,14,260000,41050,56.508242299983976,1.1803686675810008e-05,4.445163463915509e-06,1.261294959006909e-05,1.5385560526826048e-05,4.979340181510139e-06,True,converged or stopped after relative stagnation,electric_circuit_analogy\benchmark\results_legacy_systems_1_4_v1\optimized_lengths\c_pso_seed14.csv,1,1,0,0,
c,NSGA-II,15,260000,259800,353.7565225000144,2.7663966929329504e-07,2.457311873580661e-07,3.7001800370672325e-07,4.076506907868538e-07,2.991829554099823e-07,True,completed 433 generations,electric_circuit_analogy\benchmark\results_legacy_systems_1_4_v1\optimized_lengths\c_nsgaii_seed15.csv,1,1,0,0,
c,SLSQP,15,260000,226095,403.03096609999193,4.739752590029201e-08,8.469595163573468e-08,9.705632223071075e-08,6.695758081320946e-08,1.1612788608506008e-07,True,best of 20 independent restarts,electric_circuit_analogy\benchmark\results_legacy_systems_1_4_v1\optimized_lengths\c_slsqp_seed15.csv,20,20,5,15,10.0
c,PSO,15,260000,80000,109.82535480000661,5.9574667357527014e-08,4.841774438523111e-08,7.676860661828879e-08,9.69779733739351e-08,5.3374662800642625e-08,True,converged or stopped after relative stagnation,electric_circuit_analogy\benchmark\results_legacy_systems_1_4_v1\optimized_lengths\c_pso_seed15.csv,1,1,0,0,
c,NSGA-II,16,260000,259800,353.1453769999789,1.4270475014274734e-07,2.0936352533534902e-07,2.533727125286961e-07,2.180695239384356e-07,2.809316556606767e-07,True,completed 433 generations,electric_circuit_analogy\benchmark\results_legacy_systems_1_4_v1\optimized_lengths\c_nsgaii_seed16.csv,1,1,0,0,
c,SLSQP,16,260000,233320,416.516613099986,1.8845925697110833e-07,4.387645458103335e-07,4.775261439944943e-07,2.8048767627963933e-07,4.068344030827564e-07,True,best of 20 independent restarts,electric_circuit_analogy\benchmark\results_legacy_systems_1_4_v1\optimized_lengths\c_slsqp_seed16.csv,20,20,6,14,13.0
c,PSO,16,260000,133000,184.32549590000417,2.54536484897714e-11,3.3521699059288684e-11,4.2090290201688534e-11,3.406463999766629e-11,4.433281519666821e-11,True,converged or stopped after relative stagnation,electric_circuit_analogy\benchmark\results_legacy_systems_1_4_v1\optimized_lengths\c_pso_seed16.csv,1,1,0,0,
c,NSGA-II,17,260000,259800,356.4221460999979,5.808555989595828e-06,2.7107849947532147e-06,6.409967080418491e-06,7.0839606191586135e-06,3.2694672476019093e-06,True,completed 433 generations,electric_circuit_analogy\benchmark\results_legacy_systems_1_4_v1\optimized_lengths\c_nsgaii_seed17.csv,1,1,0,0,
c,SLSQP,17,260000,227989,408.18473900001845,1.761927012037203e-07,6.269148790451702e-08,1.8701361076976633e-07,2.854072187474799e-07,7.415473662897298e-08,True,best of 20 independent restarts,electric_circuit_analogy\benchmark\results_legacy_systems_1_4_v1\optimized_lengths\c_slsqp_seed17.csv,20,20,5,15,9.0
c,PSO,17,260000,60650,83.84949849999975,3.613160344745654e-08,6.944579488164214e-08,7.828289209289196e-08,4.992084989829948e-08,9.530769762289282e-08,True,converged or stopped after relative stagnation,electric_circuit_analogy\benchmark\results_legacy_systems_1_4_v1\optimized_lengths\c_pso_seed17.csv,1,1,0,0,
c,NSGA-II,18,260000,259800,357.30768239998724,5.517406028471032e-09,6.266704301757173e-09,8.349452202909501e-09,6.954558040561665e-09,7.167996640689012e-09,True,completed 433 generations,electric_circuit_analogy\benchmark\results_legacy_systems_1_4_v1\optimized_lengths\c_nsgaii_seed18.csv,1,1,0,0,
c,SLSQP,18,260000,196573,348.7746434000146,1.2397978447104456e-07,1.9746448268234775e-07,2.3315919213810524e-07,1.6632101002000965e-07,2.3287996619991702e-07,True,best of 20 independent restarts,electric_circuit_analogy\benchmark\results_legacy_systems_1_4_v1\optimized_lengths\c_slsqp_seed18.csv,20,20,10,10,18.0
c,PSO,18,260000,39300,54.28880929999286,6.759253702033628e-06,1.7817452028077674e-05,1.9056471535447073e-05,9.913812650613751e-06,2.331858377235818e-05,True,converged or stopped after relative stagnation,electric_circuit_analogy\benchmark\results_legacy_systems_1_4_v1\optimized_lengths\c_pso_seed18.csv,1,1,0,0,
c,NSGA-II,19,260000,259800,357.16375970002264,8.985783318540026e-09,8.541743913482383e-09,1.239780992479178e-08,1.4449601903887554e-08,1.1102944008634097e-08,True,completed 433 generations,electric_circuit_analogy\benchmark\results_legacy_systems_1_4_v1\optimized_lengths\c_nsgaii_seed19.csv,1,1,0,0,
c,SLSQP,19,260000,245977,455.0128325000114,3.3142122126710013e-08,8.58644431586862e-08,9.20385943939444e-08,4.42676447720558e-08,1.146231235482631e-07,True,best of 20 independent restarts,electric_circuit_analogy\benchmark\results_legacy_systems_1_4_v1\optimized_lengths\c_slsqp_seed19.csv,20,20,3,17,2.0
c,PSO,19,260000,44800,62.64047240000218,8.02598333501548e-06,3.956109211277221e-06,8.948028195390238e-06,9.357815941024583e-06,4.4070892468717204e-06,True,converged or stopped after relative stagnation,electric_circuit_analogy\benchmark\results_legacy_systems_1_4_v1\optimized_lengths\c_pso_seed19.csv,1,1,0,0,
c,NSGA-II,20,260000,259800,353.25245910001104,2.5400416467706112e-08,9.70687451169038e-09,2.71919945851462e-08,3.563306522069709e-08,9.036918213745082e-09,True,completed 433 generations,electric_circuit_analogy\benchmark\results_legacy_systems_1_4_v1\optimized_lengths\c_nsgaii_seed20.csv,1,1,0,0,
c,SLSQP,20,260000,231239,409.9799460999784,7.432927753221369e-08,1.0641811972936843e-07,1.2980623138045047e-07,1.0543695000420072e-07,1.2452997766310148e-07,True,best of 20 independent restarts,electric_circuit_analogy\benchmark\results_legacy_systems_1_4_v1\optimized_lengths\c_slsqp_seed20.csv,20,20,6,14,8.0
c,PSO,20,260000,62050,87.33800059999339,4.335007894755034e-07,3.478512179770266e-07,5.558087839572037e-07,6.342976954232249e-07,4.781209467230596e-07,True,converged or stopped after relative stagnation,electric_circuit_analogy\benchmark\results_legacy_systems_1_4_v1\optimized_lengths\c_pso_seed20.csv,1,1,0,0,
c,NSGA-II,21,260000,259800,355.9094041000062,2.2711798434851544e-06,4.2407809887891453e-07,2.310432884851236e-06,3.0830760393285583e-06,4.886533508940971e-07,True,completed 433 generations,electric_circuit_analogy\benchmark\results_legacy_systems_1_4_v1\optimized_lengths\c_nsgaii_seed21.csv,1,1,0,0,
c,SLSQP,21,260000,233629,415.84244849998504,1.0500627289921677e-07,7.058583759692396e-08,1.2652540384224865e-07,1.4745512366687308e-07,7.597365897504815e-08,True,best of 20 independent restarts,electric_circuit_analogy\benchmark\results_legacy_systems_1_4_v1\optimized_lengths\c_slsqp_seed21.csv,20,20,5,15,5.0
c,PSO,21,260000,128900,179.49395259999437,1.878291945410376e-11,1.6753709983310106e-11,2.5169125162075344e-11,2.9539676260625924e-11,2.599301329730963e-11,True,converged or stopped after relative stagnation,electric_circuit_analogy\benchmark\results_legacy_systems_1_4_v1\optimized_lengths\c_pso_seed21.csv,1,1,0,0,
c,NSGA-II,22,260000,259800,355.6829318999953,8.673244197907115e-08,1.55104670165178e-07,1.7770755526623396e-07,1.3960308431482105e-07,2.1020086959921969e-07,True,completed 433 generations,electric_circuit_analogy\benchmark\results_legacy_systems_1_4_v1\optimized_lengths\c_nsgaii_seed22.csv,1,1,0,0,
c,SLSQP,22,260000,211273,374.1796977999911,1.7325904079429254e-07,6.389299773204365e-08,1.8466458885272308e-07,2.64017463696975e-07,7.458701187235128e-08,True,best of 20 independent restarts,electric_circuit_analogy\benchmark\results_legacy_systems_1_4_v1\optimized_lengths\c_slsqp_seed22.csv,20,20,9,11,17.0
c,PSO,22,260000,49700,68.5010062000074,4.274663763542867e-07,3.5861083764375555e-07,5.579688484037624e-07,5.585738193925049e-07,4.6404231879293434e-07,True,converged or stopped after relative stagnation,electric_circuit_analogy\benchmark\results_legacy_systems_1_4_v1\optimized_lengths\c_pso_seed22.csv,1,1,0,0,
c,NSGA-II,23,260000,259800,353.3945850000018,6.768123768229511e-09,9.443398621235455e-09,1.1618316438349617e-08,9.146735230336489e-09,1.0178237364044662e-08,True,completed 433 generations,electric_circuit_analogy\benchmark\results_legacy_systems_1_4_v1\optimized_lengths\c_nsgaii_seed23.csv,1,1,0,0,
c,SLSQP,23,260000,230929,410.1616827000107,6.973445965826839e-08,1.0142663377696541e-07,1.2308637984422696e-07,1.0521910709382354e-07,1.421312864069435e-07,True,best of 20 independent restarts,electric_circuit_analogy\benchmark\results_legacy_systems_1_4_v1\optimized_lengths\c_slsqp_seed23.csv,20,20,7,13,7.0
c,PSO,23,260000,40150,54.98947709999629,2.530533552360458e-06,2.6887273031428722e-06,3.6922695690168643e-06,4.1800316893103595e-06,3.6145809026999487e-06,True,converged or stopped after relative stagnation,electric_circuit_analogy\benchmark\results_legacy_systems_1_4_v1\optimized_lengths\c_pso_seed23.csv,1,1,0,0,
c,NSGA-II,24,260000,259800,352.26110000000335,3.21468001077943e-08,1.879769565947355e-08,3.7239362498258135e-08,4.4520576558682023e-08,1.9009237350875452e-08,True,completed 433 generations,electric_circuit_analogy\benchmark\results_legacy_systems_1_4_v1\optimized_lengths\c_nsgaii_seed24.csv,1,1,0,0,
c,SLSQP,24,260000,236803,420.88797599999816,7.321284495739292e-08,1.1493660117050388e-07,1.3627377941255876e-07,8.261754402827393e-08,1.1547548528501039e-07,True,best of 20 independent restarts,electric_circuit_analogy\benchmark\results_legacy_systems_1_4_v1\optimized_lengths\c_slsqp_seed24.csv,20,20,4,16,8.0
c,PSO,24,260000,49900,68.67820029999712,2.46601127729072e-07,1.5762656014818117e-07,2.9267430475085827e-07,3.133735300142604e-07,1.7200688795515617e-07,True,converged or stopped after relative stagnation,electric_circuit_analogy\benchmark\results_legacy_systems_1_4_v1\optimized_lengths\c_pso_seed24.csv,1,1,0,0,
c,NSGA-II,25,260000,259800,354.9425258000265,2.0253904722020198e-08,1.4202573472181897e-08,2.4737294713072344e-08,2.9044524785248882e-08,1.991758508124164e-08,True,completed 433 generations,electric_circuit_analogy\benchmark\results_legacy_systems_1_4_v1\optimized_lengths\c_nsgaii_seed25.csv,1,1,0,0,
c,SLSQP,25,260000,237079,423.1969339999778,1.6226459066125054e-07,1.3244062682666978e-07,2.0945242184492495e-07,2.2413713510194277e-07,1.3545937144199272e-07,True,best of 20 independent restarts,electric_circuit_analogy\benchmark\results_legacy_systems_1_4_v1\optimized_lengths\c_slsqp_seed25.csv,20,20,5,15,16.0
c,PSO,25,260000,37300,51.57812649998232,9.88350393643425e-06,7.586738628704356e-06,1.2459624917379583e-05,1.569489387856504e-05,1.0143037669996247e-05,True,converged or stopped after relative stagnation,electric_circuit_analogy\benchmark\results_legacy_systems_1_4_v1\optimized_lengths\c_pso_seed25.csv,1,1,0,0,
c,NSGA-II,26,260000,259800,355.52903849998256,1.4211129697350852e-08,3.7475270222402016e-08,4.00793224183865e-08,1.9433257253398395e-08,3.80206341965561e-08,True,completed 433 generations,electric_circuit_analogy\benchmark\results_legacy_systems_1_4_v1\optimized_lengths\c_nsgaii_seed26.csv,1,1,0,0,
c,SLSQP,26,260000,218192,390.25494749998325,8.2264875395272e-08,5.8250543860279073e-08,1.0079997809433257e-07,1.3411697630250075e-07,7.457444844982675e-08,True,best of 20 independent restarts,electric_circuit_analogy\benchmark\results_legacy_systems_1_4_v1\optimized_lengths\c_slsqp_seed26.csv,20,20,9,11,8.0
c,PSO,26,260000,115550,160.48987930000294,1.1844384658419097e-05,2.0312139525164376e-06,1.2017290795245455e-05,1.2697047801296657e-05,2.276431364078846e-06,True,converged or stopped after relative stagnation,electric_circuit_analogy\benchmark\results_legacy_systems_1_4_v1\optimized_lengths\c_pso_seed26.csv,1,1,0,0,
c,NSGA-II,27,260000,259800,354.6933601000055,8.856842945398417e-09,5.3115268794613085e-09,1.0327438440905552e-08,1.2857261061371972e-08,5.242060008292526e-09,True,completed 433 generations,electric_circuit_analogy\benchmark\results_legacy_systems_1_4_v1\optimized_lengths\c_nsgaii_seed27.csv,1,1,0,0,
c,SLSQP,27,260000,221125,394.0474419000093,9.691755399994114e-08,3.367235574940302e-08,1.0260038896147452e-07,1.3474796917156695e-07,3.663401204612171e-08,True,best of 20 independent restarts,electric_circuit_analogy\benchmark\results_legacy_systems_1_4_v1\optimized_lengths\c_slsqp_seed27.csv,20,20,7,13,2.0
c,PSO,27,260000,56900,78.58370400001877,1.5403388297420612e-06,9.048747284260844e-07,1.7864607425172606e-06,2.4026435949675573e-06,1.2725232860777425e-06,True,converged or stopped after relative stagnation,electric_circuit_analogy\benchmark\results_legacy_systems_1_4_v1\optimized_lengths\c_pso_seed27.csv,1,1,0,0,
c,NSGA-II,28,260000,259800,351.3376734999765,1.0828087146028131e-06,8.082828572162683e-07,1.3512201484915367e-06,1.35764310324471e-06,9.04868448614593e-07,True,completed 433 generations,electric_circuit_analogy\benchmark\results_legacy_systems_1_4_v1\optimized_lengths\c_nsgaii_seed28.csv,1,1,0,0,
c,SLSQP,28,260000,231969,413.2043570000096,1.086897810913545e-07,1.0336350999572138e-07,1.4999161213988652e-07,1.4827434136055473e-07,1.1854081655160442e-07,True,best of 20 independent restarts,electric_circuit_analogy\benchmark\results_legacy_systems_1_4_v1\optimized_lengths\c_slsqp_seed28.csv,20,20,7,13,13.0
c,PSO,28,260000,148750,203.618623700022,4.191034481201358e-11,1.930264247464649e-11,4.614183577585422e-11,6.269465502306559e-11,2.2713497749293765e-11,True,converged or stopped after relative stagnation,electric_circuit_analogy\benchmark\results_legacy_systems_1_4_v1\optimized_lengths\c_pso_seed28.csv,1,1,0,0,
c,NSGA-II,29,260000,259800,354.4482277999923,9.31875279568315e-11,4.736142882913857e-10,4.826949444944095e-10,1.41343770021507e-10,5.793692192668232e-10,True,completed 433 generations,electric_circuit_analogy\benchmark\results_legacy_systems_1_4_v1\optimized_lengths\c_nsgaii_seed29.csv,1,1,0,0,
c,SLSQP,29,260000,236975,420.94540680001955,5.5156638409735445e-08,1.9835779219484362e-07,2.0588362850181913e-07,8.181234023574291e-08,1.958504058929833e-07,True,best of 20 independent restarts,electric_circuit_analogy\benchmark\results_legacy_systems_1_4_v1\optimized_lengths\c_slsqp_seed29.csv,20,20,6,14,6.0
c,PSO,29,260000,128300,175.43705979999504,2.6827202655314766e-11,4.0000390756466044e-11,4.816357610247916e-11,4.213784876583304e-11,5.088096610705861e-11,True,converged or stopped after relative stagnation,electric_circuit_analogy\benchmark\results_legacy_systems_1_4_v1\optimized_lengths\c_pso_seed29.csv,1,1,0,0,
c,NSGA-II,30,260000,259800,354.15541310000117,2.2780401112383576e-06,7.602816330432184e-07,2.401560931967734e-06,3.7424100082228406e-06,7.511085793332484e-07,True,completed 433 generations,electric_circuit_analogy\benchmark\results_legacy_systems_1_4_v1\optimized_lengths\c_nsgaii_seed30.csv,1,1,0,0,
c,SLSQP,30,260000,222270,398.2684208000137,1.0180387107460843e-07,1.0329320143397552e-07,1.4502935436750497e-07,1.6543975944749434e-07,1.1950926059878242e-07,True,best of 20 independent restarts,electric_circuit_analogy\benchmark\results_legacy_systems_1_4_v1\optimized_lengths\c_slsqp_seed30.csv,20,20,8,12,6.0
c,PSO,30,260000,69000,95.09522829999332,3.880109471482994e-08,1.810601723606354e-08,4.281766938101412e-08,5.2082215179494185e-08,2.464657899992062e-08,True,converged or stopped after relative stagnation,electric_circuit_analogy\benchmark\results_legacy_systems_1_4_v1\optimized_lengths\c_pso_seed30.csv,1,1,0,0,
d,NSGA-II,1,110000,109800,78.75189819998923,1.275811668620425e-06,1.1271387576119598e-06,1.702391609677123e-06,2.176451838892257e-06,1.5459174557141964e-06,True,completed 183 generations,electric_circuit_analogy\benchmark\results_legacy_systems_1_4_v1\optimized_lengths\d_nsgaii_seed1.csv,1,1,0,0,
d,SLSQP,1,110000,103337,81.70406459999504,3.099782167746674e-08,1.1301001286471412e-07,1.1718416256658098e-07,4.188476765421001e-08,1.3387650410479068e-07,True,best of 20 independent restarts,electric_circuit_analogy\benchmark\results_legacy_systems_1_4_v1\optimized_lengths\d_slsqp_seed1.csv,20,20,4,16,2.0
d,PSO,1,110000,105000,76.65066910002497,1.798766884999431e-16,2.1837026944296233e-16,2.8291553093157954e-16,2.7755575615628914e-16,3.41740524767431e-16,True,converged or stopped after relative stagnation,electric_circuit_analogy\benchmark\results_legacy_systems_1_4_v1\optimized_lengths\d_pso_seed1.csv,1,1,0,0,
d,NSGA-II,2,110000,109800,78.34192449998227,2.935881825442643e-06,2.129686507253006e-06,3.626977627741855e-06,5.063744758532218e-06,3.001635986529805e-06,True,completed 183 generations,electric_circuit_analogy\benchmark\results_legacy_systems_1_4_v1\optimized_lengths\d_nsgaii_seed2.csv,1,1,0,0,
d,SLSQP,2,110000,102082,80.58884499999112,1.5995829523138118e-07,2.0872760107802044e-07,2.629712297288716e-07,2.5072821066562945e-07,2.8430746512597693e-07,True,best of 20 independent restarts,electric_circuit_analogy\benchmark\results_legacy_systems_1_4_v1\optimized_lengths\d_slsqp_seed2.csv,20,20,3,17,16.0
d,PSO,2,110000,110000,79.85745869998937,1.8824747269678055e-16,2.4440678364972113e-16,3.0849924938438135e-16,3.3306690738754696e-16,3.3306690738754696e-16,True,converged or stopped after relative stagnation,electric_circuit_analogy\benchmark\results_legacy_systems_1_4_v1\optimized_lengths\d_pso_seed2.csv,1,1,0,0,
d,NSGA-II,3,110000,109800,78.85221350000938,8.660174016304231e-07,1.373806691034173e-06,1.6239861342563777e-06,1.0515095510976735e-06,1.902041868118154e-06,True,completed 183 generations,electric_circuit_analogy\benchmark\results_legacy_systems_1_4_v1\optimized_lengths\d_nsgaii_seed3.csv,1,1,0,0,
d,SLSQP,3,110000,105087,82.87798680001288,1.0335686798002788e-07,1.6020350875691244e-07,1.906510067549265e-07,1.3946033355916043e-07,2.2358734372285305e-07,True,best of 20 independent restarts,electric_circuit_analogy\benchmark\results_legacy_systems_1_4_v1\optimized_lengths\d_slsqp_seed3.csv,20,20,1,19,2.0
d,PSO,3,110000,77650,57.15026689998922,9.711769906759466e-14,5.463642168256949e-14,1.1143153075525538e-13,1.6614487563515468e-13,7.778153121584808e-14,True,converged or stopped after relative stagnation,electric_circuit_analogy\benchmark\results_legacy_systems_1_4_v1\optimized_lengths\d_pso_seed3.csv,1,1,0,0,
d,NSGA-II,4,110000,109800,78.91059380001388,5.702434685074359e-07,2.078116470273979e-06,2.154935190997486e-06,8.579500413441465e-07,2.930944584993503e-06,True,completed 183 generations,electric_circuit_analogy\benchmark\results_legacy_systems_1_4_v1\optimized_lengths\d_nsgaii_seed4.csv,1,1,0,0,
d,SLSQP,4,110000,110000,87.00724750000518,1.1698502635096654e-07,2.111479446141537e-07,2.413896246840739e-07,1.3494512143830129e-07,2.5958635452294487e-07,True,best of 20 independent restarts,electric_circuit_analogy\benchmark\results_legacy_systems_1_4_v1\optimized_lengths\d_slsqp_seed4.csv,20,20,0,20,1.0
d,PSO,4,110000,85500,62.47300669999095,6.241463902961237e-14,5.666732021474961e-14,8.430167463056581e-14,1.0721978860317449e-13,6.35463903719824e-14,True,converged or stopped after relative stagnation,electric_circuit_analogy\benchmark\results_legacy_systems_1_4_v1\optimized_lengths\d_pso_seed4.csv,1,1,0,0,
d,NSGA-II,5,110000,109800,78.72731210000347,1.5417369386287087e-06,5.380116407394292e-07,1.6329143619624867e-06,2.5257770968067916e-06,7.587956214472058e-07,True,completed 183 generations,electric_circuit_analogy\benchmark\results_legacy_systems_1_4_v1\optimized_lengths\d_nsgaii_seed5.csv,1,1,0,0,
d,SLSQP,5,110000,105142,82.92099220000091,4.983564600542393e-08,8.441532578596998e-08,9.802825531615552e-08,8.195578438119355e-08,1.0050743557907249e-07,True,best of 20 independent restarts,electric_circuit_analogy\benchmark\results_legacy_systems_1_4_v1\optimized_lengths\d_slsqp_seed5.csv,20,20,2,18,17.0
d,PSO,5,110000,110000,79.87691469999845,6.798699777552591e-17,1.9913084426383425e-16,2.1041702641125973e-16,1.1102230246251565e-16,2.8796409701215e-16,True,converged or stopped after relative stagnation,electric_circuit_analogy\benchmark\results_legacy_systems_1_4_v1\optimized_lengths\d_pso_seed5.csv,1,1,0,0,
d,NSGA-II,6,110000,109800,78.53334789999644,6.974265026019502e-07,8.766953658445369e-07,1.120267151631643e-06,1.1426573838790866e-06,1.0098597616053917e-06,True,completed 183 generations,electric_circuit_analogy\benchmark\results_legacy_systems_1_4_v1\optimized_lengths\d_nsgaii_seed6.csv,1,1,0,0,
d,SLSQP,6,110000,108968,86.19013090000954,1.611878910069964e-07,4.887195086663216e-08,1.6843397456805992e-07,2.460732078102268e-07,5.9495780080354166e-08,True,best of 20 independent restarts,electric_circuit_analogy\benchmark\results_legacy_systems_1_4_v1\optimized_lengths\d_slsqp_seed6.csv,20,20,1,19,13.0
d,PSO,6,110000,62400,45.735064600012265,8.099274268532075e-12,2.137593635405986e-11,2.285889102055749e-11,1.0721645793410062e-11,3.023807593205419e-11,True,converged or stopped after relative stagnation,electric_circuit_analogy\benchmark\results_legacy_systems_1_4_v1\optimized_lengths\d_pso_seed6.csv,1,1,0,0,
d,NSGA-II,7,110000,109800,79.4982924000069,6.56855406807147e-06,8.39988828274687e-06,1.0663208977967487e-05,1.063779790033692e-05,1.043782216414435e-05,True,completed 183 generations,electric_circuit_analogy\benchmark\results_legacy_systems_1_4_v1\optimized_lengths\d_nsgaii_seed7.csv,1,1,0,0,
d,SLSQP,7,110000,100088,79.21103609999409,4.689013395950825e-08,8.685913375721291e-08,9.870761763812372e-08,7.281091832234132e-08,1.1893351758995863e-07,True,best of 20 independent restarts,electric_circuit_analogy\benchmark\results_legacy_systems_1_4_v1\optimized_lengths\d_slsqp_seed7.csv,20,20,3,17,17.0
d,PSO,7,110000,28300,21.748213599988958,3.7555062085492016e-08,4.095699399897679e-08,5.55684986811537e-08,6.381142936273676e-08,5.6544260971375104e-08,True,converged or stopped after relative stagnation,electric_circuit_analogy\benchmark\results_legacy_systems_1_4_v1\optimized_lengths\d_pso_seed7.csv,1,1,0,0,
d,NSGA-II,8,110000,109800,78.32130660000257,1.495122920015324e-06,7.135737923026555e-06,7.290689147952646e-06,2.3526395176720616e-06,8.38155602526404e-06,True,completed 183 generations,electric_circuit_analogy\benchmark\results_legacy_systems_1_4_v1\optimized_lengths\d_nsgaii_seed8.csv,1,1,0,0,
d,SLSQP,8,110000,98829,77.82244639997953,9.500559327977773e-08,1.2717170683944408e-07,1.5874100218563589e-07,1.3227380363245445e-07,1.6096348630367796e-07,True,best of 20 independent restarts,electric_circuit_analogy\benchmark\results_legacy_systems_1_4_v1\optimized_lengths\d_slsqp_seed8.csv,20,20,4,16,19.0
d,PSO,8,110000,24700,17.8783857000235,6.863803150172694e-09,1.1473886817433474e-08,1.3370185951720877e-08,1.1340679034743673e-08,1.5222889421240282e-08,True,converged or stopped after relative stagnation,electric_circuit_analogy\benchmark\results_legacy_systems_1_4_v1\optimized_lengths\d_pso_seed8.csv,1,1,0,0,
d,NSGA-II,9,110000,109800,78.06535189997521,2.7142252939419556e-06,4.01577495766874e-06,4.8470060302122245e-06,4.469609673041219e-06,5.593504508905056e-06,True,completed 183 generations,electric_circuit_analogy\benchmark\results_legacy_systems_1_4_v1\optimized_lengths\d_nsgaii_seed9.csv,1,1,0,0,
d,SLSQP,9,110000,105860,83.7872690000222,9.146405837092097e-08,3.684184812264832e-07,3.7960222771067585e-07,1.3903869938713953e-07,5.201591348757972e-07,True,best of 20 independent restarts,electric_circuit_analogy\benchmark\results_legacy_systems_1_4_v1\optimized_lengths\d_slsqp_seed9.csv,20,20,1,19,9.0
d,PSO,9,110000,92000,67.23708910000278,6.501140212400981e-13,6.114587052545372e-14,6.529831989379867e-13,1.0122458427019865e-12,7.09432512735475e-14,True,converged or stopped after relative stagnation,electric_circuit_analogy\benchmark\results_legacy_systems_1_4_v1\optimized_lengths\d_pso_seed9.csv,1,1,0,0,
d,NSGA-II,10,110000,109800,79.45359560000361,1.778001122460303e-07,2.0670195030368783e-07,2.7265101535488407e-07,2.3730771525620753e-07,2.9112297561528777e-07,True,completed 183 generations,electric_circuit_analogy\benchmark\results_legacy_systems_1_4_v1\optimized_lengths\d_nsgaii_seed10.csv,1,1,0,0,
d,SLSQP,10,110000,102410,81.55480919999536,1.0149999926763102e-07,3.827518736706088e-08,1.0847690915265199e-07,1.6890973283945065e-07,4.8455545909042996e-08,True,best of 20 independent restarts,electric_circuit_analogy\benchmark\results_legacy_systems_1_4_v1\optimized_lengths\d_slsqp_seed10.csv,20,20,2,18,6.0
d,PSO,10,110000,33450,24.41600689999177,6.824315288950559e-10,3.3811977184771534e-10,7.616021085477605e-10,1.174349617549808e-09,4.3247017599001847e-10,True,converged or stopped after relative stagnation,electric_circuit_analogy\benchmark\results_legacy_systems_1_4_v1\optimized_lengths\d_pso_seed10.csv,1,1,0,0,
d,NSGA-II,11,110000,109800,78.3971911999979,4.020365915828052e-06,3.110152698495994e-06,5.082951101979425e-06,6.2631828962600444e-06,4.361851923762039e-06,True,completed 183 generations,electric_circuit_analogy\benchmark\results_legacy_systems_1_4_v1\optimized_lengths\d_nsgaii_seed11.csv,1,1,0,0,
d,SLSQP,11,110000,107688,85.1962346000073,3.5389026139332296e-08,7.533218615395715e-08,8.323053190881816e-08,4.087843630262711e-08,9.412346235748714e-08,True,best of 20 independent restarts,electric_circuit_analogy\benchmark\results_legacy_systems_1_4_v1\optimized_lengths\d_slsqp_seed11.csv,20,20,2,18,19.0
d,PSO,11,110000,22150,16.243377400009194,8.675690044449077e-07,1.4458289245720525e-06,1.6861486460578457e-06,1.156215351461043e-06,2.0180863403718163e-06,True,converged or stopped after relative stagnation,electric_circuit_analogy\benchmark\results_legacy_systems_1_4_v1\optimized_lengths\d_pso_seed11.csv,1,1,0,0,
d,NSGA-II,12,110000,109800,79.25489599999855,1.2439914533076859e-06,2.4738909918596243e-06,2.7690524327839596e-06,1.8637398695731111e-06,2.59977958094737e-06,True,completed 183 generations,electric_circuit_analogy\benchmark\results_legacy_systems_1_4_v1\optimized_lengths\d_nsgaii_seed12.csv,1,1,0,0,
d,SLSQP,12,110000,102230,84.39875699998811,1.3341215187038755e-07,1.8695747011630843e-07,2.296778132492943e-07,2.2791360637652858e-07,2.5848228346614377e-07,True,best of 20 independent restarts,electric_circuit_analogy\benchmark\results_legacy_systems_1_4_v1\optimized_lengths\d_slsqp_seed12.csv,20,20,3,17,8.0
d,PSO,12,110000,35350,26.09960929999943,6.339776982160486e-10,6.711639149310217e-10,9.232490035417612e-10,1.0856734400377377e-09,7.293478321290792e-10,True,converged or stopped after relative stagnation,electric_circuit_analogy\benchmark\results_legacy_systems_1_4_v1\optimized_lengths\d_pso_seed12.csv,1,1,0,0,
d,NSGA-II,13,110000,109800,78.77250919997459,1.5473163646594512e-06,2.3501198346926632e-06,2.8137610363637513e-06,2.6691774751563813e-06,3.322127464788771e-06,True,completed 183 generations,electric_circuit_analogy\benchmark\results_legacy_systems_1_4_v1\optimized_lengths\d_nsgaii_seed13.csv,1,1,0,0,
d,SLSQP,13,110000,96164,75.89582440000959,1.0370035819334993e-07,9.673151268434768e-08,1.418123754671333e-07,1.4118057492518155e-07,1.3549645216937023e-07,True,best of 20 independent restarts,electric_circuit_analogy\benchmark\results_legacy_systems_1_4_v1\optimized_lengths\d_slsqp_seed13.csv,20,20,6,14,11.0
d,PSO,13,110000,28700,20.98043840000173,4.5662526531799646e-10,5.932980257901909e-10,7.486716104763614e-10,6.15219292177116e-10,7.873304282840499e-10,True,converged or stopped after relative stagnation,electric_circuit_analogy\benchmark\results_legacy_systems_1_4_v1\optimized_lengths\d_pso_seed13.csv,1,1,0,0,
d,NSGA-II,14,110000,109800,79.40991889999714,1.957286080262325e-06,3.162050312472628e-07,1.9826634665960684e-06,2.8048199344765656e-06,4.0405826796929833e-07,True,completed 183 generations,electric_circuit_analogy\benchmark\results_legacy_systems_1_4_v1\optimized_lengths\d_nsgaii_seed14.csv,1,1,0,0,
d,SLSQP,14,110000,109020,86.62431420001667,1.1248797182126956e-07,1.1586071332387334e-07,1.6148451534552621e-07,1.7898515969339002e-07,1.2539072800042683e-07,True,best of 20 independent restarts,electric_circuit_analogy\benchmark\results_legacy_systems_1_4_v1\optimized_lengths\d_slsqp_seed14.csv,20,20,1,19,19.0
d,PSO,14,110000,75850,56.29341780001414,2.9504581591051765e-16,1.376266743017596e-16,3.255658688586162e-16,3.3306690738754696e-16,2.220446049250313e-16,True,converged or stopped after relative stagnation,electric_circuit_analogy\benchmark\results_legacy_systems_1_4_v1\optimized_lengths\d_pso_seed14.csv,1,1,0,0,
d,NSGA-II,15,110000,109800,80.82948309998028,1.0848259546718541e-06,5.963566059532953e-06,6.0614327925287676e-06,1.8261873674929596e-06,8.353230054769512e-06,True,completed 183 generations,electric_circuit_analogy\benchmark\results_legacy_systems_1_4_v1\optimized_lengths\d_nsgaii_seed15.csv,1,1,0,0,
d,SLSQP,15,110000,107531,103.90057959998376,1.2141275219682494e-07,5.438880117212869e-08,1.3303833315608313e-07,1.8384323854925277e-07,7.185553574373671e-08,True,best of 20 independent restarts,electric_circuit_analogy\benchmark\results_legacy_systems_1_4_v1\optimized_lengths\d_slsqp_seed15.csv,20,20,2,18,9.0
d,PSO,15,110000,35700,26.553658199991332,3.0295326626983897e-06,3.4708397661715897e-06,4.607037750745532e-06,4.90275528908235e-06,3.5499493880666866e-06,True,converged or stopped after relative stagnation,electric_circuit_analogy\benchmark\results_legacy_systems_1_4_v1\optimized_lengths\d_pso_seed15.csv,1,1,0,0,
d,NSGA-II,16,110000,109800,80.54775910000899,3.540956888805055e-07,1.6350392967971433e-07,3.900221684782401e-07,5.134199380085747e-07,2.1601971211815396e-07,True,completed 183 generations,electric_circuit_analogy\benchmark\results_legacy_systems_1_4_v1\optimized_lengths\d_nsgaii_seed16.csv,1,1,0,0,
d,SLSQP,16,110000,104705,83.0059123999963,2.1523976301968775e-08,2.505500436970443e-08,3.3030815912018e-08,3.164065473515443e-08,3.405796300537389e-08,True,best of 20 independent restarts,electric_circuit_analogy\benchmark\results_legacy_systems_1_4_v1\optimized_lengths\d_slsqp_seed16.csv,20,20,2,18,14.0
d,PSO,16,110000,110000,80.28575050001382,1.0007415106216802e-16,3.0517331475580414e-16,3.211628679499838e-16,1.1102230246251565e-16,3.677613769070831e-16,True,converged or stopped after relative stagnation,electric_circuit_analogy\benchmark\results_legacy_systems_1_4_v1\optimized_lengths\d_pso_seed16.csv,1,1,0,0,
d,NSGA-II,17,110000,109800,78.61748519999674,1.335196663712876e-07,6.67071599298099e-07,6.803028883504931e-07,2.1215222878456785e-07,8.7883987609505e-07,True,completed 183 generations,electric_circuit_analogy\benchmark\results_legacy_systems_1_4_v1\optimized_lengths\d_nsgaii_seed17.csv,1,1,0,0,
d,SLSQP,17,110000,107815,85.09020149998832,1.9187900723973345e-07,1.8569534119379922e-07,2.6702118485316327e-07,2.764829906409805e-07,2.2021218366516382e-07,True,best of 20 independent restarts,electric_circuit_analogy\benchmark\results_legacy_systems_1_4_v1\optimized_lengths\d_slsqp_seed17.csv,20,20,1,19,5.0
d,PSO,17,110000,90250,66.13322889999836,2.3387263717801085e-16,1.3227481076428222e-16,2.6868761784519244e-16,3.3306690738754696e-16,2.0816681711721685e-16,True,converged or stopped after relative stagnation,electric_circuit_analogy\benchmark\results_legacy_systems_1_4_v1\optimized_lengths\d_pso_seed17.csv,1,1,0,0,
d,NSGA-II,18,110000,109800,78.50291420001304,1.4293414969844803e-05,1.7719997283797533e-05,2.2766203355807384e-05,2.4558946662867065e-05,2.48405766372084e-05,True,completed 183 generations,electric_circuit_analogy\benchmark\results_legacy_systems_1_4_v1\optimized_lengths\d_nsgaii_seed18.csv,1,1,0,0,
d,SLSQP,18,110000,99717,77.97351949999575,3.4376727098469347e-08,5.15868913864151e-09,3.476163747051877e-08,5.115588969095697e-08,6.6528340614269155e-09,True,best of 20 independent restarts,electric_circuit_analogy\benchmark\results_legacy_systems_1_4_v1\optimized_lengths\d_slsqp_seed18.csv,20,20,3,17,8.0
d,PSO,18,110000,102500,74.5246943999955,8.777083671441753e-17,2.3219550751842496e-16,2.482306860347606e-16,1.6653345369377348e-16,3.7643499428696714e-16,True,converged or stopped after relative stagnation,electric_circuit_analogy\benchmark\results_legacy_systems_1_4_v1\optimized_lengths\d_pso_seed18.csv,1,1,0,0,
d,NSGA-II,19,110000,109800,78.2597289000114,4.2282912445466567e-07,7.811322388658738e-08,4.2998388834124386e-07,6.882563357013538e-07,1.0533399574796931e-07,True,completed 183 generations,electric_circuit_analogy\benchmark\results_legacy_systems_1_4_v1\optimized_lengths\d_nsgaii_seed19.csv,1,1,0,0,
d,SLSQP,19,110000,105894,83.40569909999613,7.771822534181943e-08,1.6207300154834798e-07,1.7974365185222156e-07,1.330498028973004e-07,2.0961108626593727e-07,True,best of 20 independent restarts,electric_circuit_analogy\benchmark\results_legacy_systems_1_4_v1\optimized_lengths\d_slsqp_seed19.csv,20,20,3,17,14.0
d,PSO,19,110000,38750,28.38287410000339,1.0507087255211354e-09,4.290154460366999e-10,1.1349198556833506e-09,1.5718980561629792e-09,5.999690050328965e-10,True,converged or stopped after relative stagnation,electric_circuit_analogy\benchmark\results_legacy_systems_1_4_v1\optimized_lengths\d_pso_seed19.csv,1,1,0,0,
d,NSGA-II,20,110000,109800,78.24319389997981,2.0804219465496132e-06,1.2296419936688225e-06,2.4166453832283955e-06,2.9908690126756454e-06,1.4947666568954077e-06,True,completed 183 generations,electric_circuit_analogy\benchmark\results_legacy_systems_1_4_v1\optimized_lengths\d_nsgaii_seed20.csv,1,1,0,0,
d,SLSQP,20,110000,101988,80.50537549998262,2.838523122238068e-07,1.6012798215451965e-07,3.2590352226338346e-07,4.446644680800027e-07,1.7637600691067234e-07,True,best of 20 independent restarts,electric_circuit_analogy\benchmark\results_legacy_systems_1_4_v1\optimized_lengths\d_slsqp_seed20.csv,20,20,3,17,9.0
d,PSO,20,110000,110000,79.56670009999652,3.3190841028655766e-16,1.8696626832724566e-16,3.8094563694990067e-16,4.996003610813204e-16,2.220446049250313e-16,True,converged or stopped after relative stagnation,electric_circuit_analogy\benchmark\results_legacy_systems_1_4_v1\optimized_lengths\d_pso_seed20.csv,1,1,0,0,
d,NSGA-II,21,110000,109800,79.19459180001286,9.240081882012717e-06,8.839142633524996e-06,1.2787085503823727e-05,1.4754179260001443e-05,1.1687966142481798e-05,True,completed 183 generations,electric_circuit_analogy\benchmark\results_legacy_systems_1_4_v1\optimized_lengths\d_nsgaii_seed21.csv,1,1,0,0,
d,SLSQP,21,110000,108627,86.1625337000005,3.251913447233175e-08,5.896514184997635e-08,6.733782042966216e-08,5.2639790859565494e-08,6.926031036191826e-08,True,best of 20 independent restarts,electric_circuit_analogy\benchmark\results_legacy_systems_1_4_v1\optimized_lengths\d_slsqp_seed21.csv,20,20,1,19,12.0
d,PSO,21,110000,61600,44.62232159997802,1.942890293094024e-16,2.1246645112427364e-16,2.8790661639381126e-16,2.220446049250313e-16,3.157196726277789e-16,True,converged or stopped after relative stagnation,electric_circuit_analogy\benchmark\results_legacy_systems_1_4_v1\optimized_lengths\d_pso_seed21.csv,1,1,0,0,
d,NSGA-II,22,110000,109800,78.86454089998733,8.977119525331127e-08,4.054854843610508e-08,9.850407239034992e-08,1.2591148679241826e-07,4.3326565890566826e-08,True,completed 183 generations,electric_circuit_analogy\benchmark\results_legacy_systems_1_4_v1\optimized_lengths\d_nsgaii_seed22.csv,1,1,0,0,
d,SLSQP,22,110000,100274,79.25741940000444,9.1947506944766e-08,7.080106108601238e-08,1.1604798268071293e-07,1.458219664463023e-07,8.724585086328229e-08,True,best of 20 independent restarts,electric_circuit_analogy\benchmark\results_legacy_systems_1_4_v1\optimized_lengths\d_slsqp_seed22.csv,20,20,5,15,18.0
d,PSO,22,110000,57650,44.12843139999313,9.72326335142919e-13,7.282841064792673e-13,1.2148317750877135e-12,1.5397960684282452e-12,1.0304829906049306e-12,True,converged or stopped after relative stagnation,electric_circuit_analogy\benchmark\results_legacy_systems_1_4_v1\optimized_lengths\d_pso_seed22.csv,1,1,0,0,
d,NSGA-II,23,110000,109800,78.4084916000138,1.8754460004049549e-06,3.6831432654448813e-06,4.133139486422751e-06,2.919278722340879e-06,5.204677313089268e-06,True,completed 183 generations,electric_circuit_analogy\benchmark\results_legacy_systems_1_4_v1\optimized_lengths\d_nsgaii_seed23.csv,1,1,0,0,
d,SLSQP,23,110000,110000,86.88544490002096,8.974232666494061e-08,1.0571008405522042e-07,1.3866617131153032e-07,1.282732870477865e-07,1.4838075962364528e-07,True,best of 20 independent restarts,electric_circuit_analogy\benchmark\results_legacy_systems_1_4_v1\optimized_lengths\d_slsqp_seed23.csv,20,20,0,20,19.0
d,PSO,23,110000,43100,31.34074410001631,8.094119857980846e-09,3.7105943215753906e-09,8.904116266910905e-09,1.2800919407807143e-08,5.229336966922071e-09,True,converged or stopped after relative stagnation,electric_circuit_analogy\benchmark\results_legacy_systems_1_4_v1\optimized_lengths\d_pso_seed23.csv,1,1,0,0,
d,NSGA-II,24,110000,109800,78.3211680999957,1.7401458130662214e-07,1.455727547719599e-07,2.268755197001567e-07,2.863296855448727e-07,1.5748023714408366e-07,True,completed 183 generations,electric_circuit_analogy\benchmark\results_legacy_systems_1_4_v1\optimized_lengths\d_nsgaii_seed24.csv,1,1,0,0,
d,SLSQP,24,110000,94080,74.2805623000022,1.292311441662606e-07,6.74410207199963e-08,1.4577029840909225e-07,2.1489794263529483e-07,7.256708689507008e-08,True,best of 20 independent restarts,electric_circuit_analogy\benchmark\results_legacy_systems_1_4_v1\optimized_lengths\d_slsqp_seed24.csv,20,20,5,15,13.0
d,PSO,24,110000,110000,80.00730350002414,1.0837828067738553e-13,1.2559624060623353e-13,1.6589233670367374e-13,1.8204882046291004e-13,1.3844481117075702e-13,True,converged or stopped after relative stagnation,electric_circuit_analogy\benchmark\results_legacy_systems_1_4_v1\optimized_lengths\d_pso_seed24.csv,1,1,0,0,
d,NSGA-II,25,110000,109800,78.73421049999888,3.282055919141803e-06,3.919340131704771e-06,5.112056154265651e-06,4.977303553532764e-06,4.0824724542518065e-06,True,completed 183 generations,electric_circuit_analogy\benchmark\results_legacy_systems_1_4_v1\optimized_lengths\d_nsgaii_seed25.csv,1,1,0,0,
d,SLSQP,25,110000,105993,83.64571959999739,5.8412980843607455e-08,3.4540716543613e-08,6.786116290177963e-08,8.563773767900074e-08,4.61282207570024e-08,True,best of 20 independent restarts,electric_circuit_analogy\benchmark\results_legacy_systems_1_4_v1\optimized_lengths\d_slsqp_seed25.csv,20,20,2,18,12.0
d,PSO,25,110000,91550,67.08178369997768,2.0396099332657776e-16,1.6644534333220474e-16,2.632567931046411e-16,3.3306690738754696e-16,2.220446049250313e-16,True,converged or stopped after relative stagnation,electric_circuit_analogy\benchmark\results_legacy_systems_1_4_v1\optimized_lengths\d_pso_seed25.csv,1,1,0,0,
d,NSGA-II,26,110000,109800,78.60807449999265,1.310116303184379e-06,1.7900684459745612e-06,2.2182763058607654e-06,1.8319806189548427e-06,2.5126134287345447e-06,True,completed 183 generations,electric_circuit_analogy\benchmark\results_legacy_systems_1_4_v1\optimized_lengths\d_nsgaii_seed26.csv,1,1,0,0,
d,SLSQP,26,110000,104315,85.88394820000394,3.589376358653703e-07,4.531567838144333e-07,5.780893504966704e-07,5.684425506968793e-07,5.736389114829876e-07,True,best of 20 independent restarts,electric_circuit_analogy\benchmark\results_legacy_systems_1_4_v1\optimized_lengths\d_slsqp_seed26.csv,20,20,3,17,17.0
d,PSO,26,110000,25450,20.58308599999873,7.852092536969834e-08,2.510498369953824e-07,2.630428793492076e-07,1.327773166970303e-07,3.191563474613801e-07,True,converged or stopped after relative stagnation,electric_circuit_analogy\benchmark\results_legacy_systems_1_4_v1\optimized_lengths\d_pso_seed26.csv,1,1,0,0,
d,NSGA-II,27,110000,109800,86.42146300000604,1.2840618532248465e-06,2.1727396740574484e-06,2.5238091318739805e-06,2.018429275330025e-06,2.2571956768326767e-06,True,completed 183 generations,electric_circuit_analogy\benchmark\results_legacy_systems_1_4_v1\optimized_lengths\d_nsgaii_seed27.csv,1,1,0,0,
d,SLSQP,27,110000,106931,85.04455540000345,6.173761574198074e-08,7.707134246882605e-08,9.874981026539514e-08,1.0533559552383664e-07,8.995417088986102e-08,True,best of 20 independent restarts,electric_circuit_analogy\benchmark\results_legacy_systems_1_4_v1\optimized_lengths\d_slsqp_seed27.csv,20,20,1,19,7.0
d,PSO,27,110000,56450,40.602459099987755,2.338330924980299e-12,2.868236802901218e-12,3.700618039224829e-12,3.946482030059428e-12,3.974492610026026e-12,True,converged or stopped after relative stagnation,electric_circuit_analogy\benchmark\results_legacy_systems_1_4_v1\optimized_lengths\d_pso_seed27.csv,1,1,0,0,
d,NSGA-II,28,110000,109800,77.12516130000586,8.05780573299144e-07,8.737654592368114e-07,1.1885909347044564e-06,1.155780064432399e-06,1.232116426169369e-06,True,completed 183 generations,electric_circuit_analogy\benchmark\results_legacy_systems_1_4_v1\optimized_lengths\d_nsgaii_seed28.csv,1,1,0,0,
d,SLSQP,28,110000,105112,82.85756330000004,9.650318687050931e-08,1.0950446831468399e-07,1.459592191574279e-07,1.4943224208030514e-07,1.250821881626507e-07,True,best of 20 independent restarts,electric_circuit_analogy\benchmark\results_legacy_systems_1_4_v1\optimized_lengths\d_slsqp_seed28.csv,20,20,1,19,17.0
d,PSO,28,110000,21150,15.307912099990062,7.819844420720084e-07,2.5762768489246385e-07,8.233296373055696e-07,1.123427155358403e-06,3.38227355442533e-07,True,converged or stopped after relative stagnation,electric_circuit_analogy\benchmark\results_legacy_systems_1_4_v1\optimized_lengths\d_pso_seed28.csv,1,1,0,0,
d,NSGA-II,29,110000,109800,78.10096300000441,1.6043225425260548e-06,7.256279762979947e-07,1.760791521005138e-06,2.5687495072701516e-06,7.317208231810007e-07,True,completed 183 generations,electric_circuit_analogy\benchmark\results_legacy_systems_1_4_v1\optimized_lengths\d_nsgaii_seed29.csv,1,1,0,0,
d,SLSQP,29,110000,91553,72.0500562999805,4.7200176123891984e-08,5.5225363983086185e-08,7.264776289185219e-08,6.549541714528928e-08,7.799189666486683e-08,True,best of 20 independent restarts,electric_circuit_analogy\benchmark\results_legacy_systems_1_4_v1\optimized_lengths\d_slsqp_seed29.csv,20,20,5,15,15.0
d,PSO,29,110000,104900,74.6072594000143,4.646469054731874e-16,2.247137917053756e-16,5.161327687217855e-16,5.828670879282072e-16,4.440892098500626e-16,True,converged or stopped after relative stagnation,electric_circuit_analogy\benchmark\results_legacy_systems_1_4_v1\optimized_lengths\d_pso_seed29.csv,1,1,0,0,
d,NSGA-II,30,110000,109800,77.61733690000256,3.4556062529882547e-06,3.987680438089497e-06,5.276628644505236e-06,5.153779009225978e-06,5.281251280075949e-06,True,completed 183 generations,electric_circuit_analogy\benchmark\results_legacy_systems_1_4_v1\optimized_lengths\d_nsgaii_seed30.csv,1,1,0,0,
d,SLSQP,30,110000,107784,84.37564740001108,5.4566628529675194e-08,4.596402041567368e-08,7.13456944872501e-08,7.863328260748759e-08,5.3580749170833997e-08,True,best of 20 independent restarts,electric_circuit_analogy\benchmark\results_legacy_systems_1_4_v1\optimized_lengths\d_slsqp_seed30.csv,20,20,1,19,13.0
d,PSO,30,110000,56200,40.93626089999452,1.7587544472481156e-12,1.4732853148135286e-12,2.294294406688083e-12,2.543854016323621e-12,1.6662782265086662e-12,True,converged or stopped after relative stagnation,electric_circuit_analogy\benchmark\results_legacy_systems_1_4_v1\optimized_lengths\d_pso_seed30.csv,1,1,0,0,
